County Code,Facility Name,City,Building URL,Latitude,Longitude
01 - Alameda,Alameda Hospital,Alameda,https://esp.oshpd.ca.gov/CitizenAccess/Cap/CapDetail.aspx?Module=Permits&TabName=Permits&capID1=26HIS&capID2=00000&capID3=00002&agencyCode=OSHPD,37.7626572,-122.2538986
01 - Alameda,Alta Bates Summit Medical Center,Oakland,https://esp.oshpd.ca.gov/CitizenAccess/Cap/CapDetail.aspx?Module=Permits&TabName=Permits&capID1=37HIS&capID2=00000&capID3=00001&agencyCode=OSHPD,37.8208094,-122.2630806
01 - Alameda,Alta Bates Summit Medical Center - Summit Campus,Oakland,https://esp.oshpd.ca.gov/CitizenAccess/Cap/CapDetail.aspx?Module=Permits&TabName=Permits&capID1=78HIS&capID2=00000&capID3=00013&agencyCode=OSHPD,37.8199008,-122.2643586
01 - Alameda,Alta Bates Summit Medical Center-Alta Bates Campus,Berkeley,https://esp.oshpd.ca.gov/CitizenAccess/Cap/CapDetail.aspx?Module=Permits&TabName=Permits&capID1=59HIS&capID2=00000&capID3=00011&agencyCode=OSHPD,37.8559265,-122.257309
01 - Alameda,Eden Medical Center,Castro Valley,https://esp.oshpd.ca.gov/CitizenAccess/Cap/CapDetail.aspx?Module=Permits&TabName=Permits&capID1=12CAP&capID2=00000&capID3=001A5&agencyCode=OSHPD,37.69838,-122.0873925
01 - Alameda,Fairmont Hospital,San Leandro,https://esp.oshpd.ca.gov/CitizenAccess/Cap/CapDetail.aspx?Module=Permits&TabName=Permits&capID1=30HIS&capID2=00000&capID3=00002&agencyCode=OSHPD,37.7100449,-122.1153183
01 - Alameda,Highland Hospital,Oakland,https://esp.oshpd.ca.gov/CitizenAccess/Cap/CapDetail.aspx?Module=Permits&TabName=Permits&capID1=06HIS&capID2=00000&capID3=00026&agencyCode=OSHPD,37.7991754,-122.2310563
01 - Alameda,Kaiser Foundation Hospital - Fremont,Fremont,https://esp.oshpd.ca.gov/CitizenAccess/Cap/CapDetail.aspx?Module=Permits&TabName=Permits&capID1=95HIS&capID2=00000&capID3=00065&agencyCode=OSHPD,37.5518335,-121.9776935
01 - Alameda,Kaiser Foundation Hospital - Oakland/Richmond,Oakland,https://esp.oshpd.ca.gov/CitizenAccess/Cap/CapDetail.aspx?Module=Permits&TabName=Permits&capID1=73HIS&capID2=00000&capID3=00173&agencyCode=OSHPD,37.8233092,-122.2592711
01 - Alameda,Kaiser Foundation Hospital - San Leandro,San Leandro,https://esp.oshpd.ca.gov/CitizenAccess/Cap/CapDetail.aspx?Module=Permits&TabName=Permits&capID1=73HIS&capID2=00000&capID3=00420&agencyCode=OSHPD,37.7062596,-122.1692482
01 - Alameda,Kindred Hospital - San Francisco Bay Area,San Leandro,https://esp.oshpd.ca.gov/CitizenAccess/Cap/CapDetail.aspx?Module=Permits&TabName=Permits&capID1=61HIS&capID2=00000&capID3=00007&agencyCode=OSHPD,37.7167397,-122.1298676
01 - Alameda,San Leandro Hospital,San Leandro,https://esp.oshpd.ca.gov/CitizenAccess/Cap/CapDetail.aspx?Module=Permits&TabName=Permits&capID1=81HIS&capID2=00000&capID3=00019&agencyCode=OSHPD,37.7145685,-122.1418836
01 - Alameda,St Rose Hospital,Hayward,https://esp.oshpd.ca.gov/CitizenAccess/Cap/CapDetail.aspx?Module=Permits&TabName=Permits&capID1=62HIS&capID2=00000&capID3=00004&agencyCode=OSHPD,37.6333427,-122.0879517
01 - Alameda,Stanford Health Care Tri-Valley,Livermore,https://esp.oshpd.ca.gov/CitizenAccess/Cap/CapDetail.aspx?Module=Permits&TabName=Permits&capID1=59HIS&capID2=00000&capID3=00000&agencyCode=OSHPD,37.6769028,-121.7817917
01 - Alameda,UCSF Benioff Children's Hospital Oakland,Oakland,https://esp.oshpd.ca.gov/CitizenAccess/Cap/CapDetail.aspx?Module=Permits&TabName=Permits&capID1=94HIS&capID2=00000&capID3=00034&agencyCode=OSHPD,37.8368568,-122.2671051
01 - Alameda,Washington Hospital,Fremont,https://esp.oshpd.ca.gov/CitizenAccess/Cap/CapDetail.aspx?Module=Permits&TabName=Permits&capID1=57HIS&capID2=00000&capID3=00015&agencyCode=OSHPD,37.5580099,-121.9806024
03 - Amador,Sutter Amador Hospital,Jackson,https://esp.oshpd.ca.gov/CitizenAccess/Cap/CapDetail.aspx?Module=Permits&TabName=Permits&capID1=02HIS&capID2=00000&capID3=00035&agencyCode=OSHPD,38.3507271,-120.764679
04 - Butte,Enloe Health,Chico,https://esp.oshpd.ca.gov/CitizenAccess/Cap/CapDetail.aspx?Module=Permits&TabName=Permits&capID1=37HIS&capID2=00000&capID3=00000&agencyCode=OSHPD,39.7422066,-121.8500061
04 - Butte,Enloe Medical Center - Cohasset,Chico,https://esp.oshpd.ca.gov/CitizenAccess/Cap/CapDetail.aspx?Module=Permits&TabName=Permits&capID1=63HIS&capID2=00000&capID3=00001&agencyCode=OSHPD,39.7516935,-121.8485096
04 - Butte,Enloe Rehabilitation Center,Chico,https://esp.oshpd.ca.gov/CitizenAccess/Cap/CapDetail.aspx?Module=Permits&TabName=Permits&capID1=91HIS&capID2=00000&capID3=00004&agencyCode=OSHPD,39.7541924,-121.8676453
04 - Butte,Orchard Hospital,Gridley,https://esp.oshpd.ca.gov/CitizenAccess/Cap/CapDetail.aspx?Module=Permits&TabName=Permits&capID1=48HIS&capID2=00000&capID3=00000&agencyCode=OSHPD,39.367691,-121.6895599
04 - Butte,Oroville Hospital,Oroville,https://esp.oshpd.ca.gov/CitizenAccess/Cap/CapDetail.aspx?Module=Permits&TabName=Permits&capID1=61HIS&capID2=00000&capID3=00001&agencyCode=OSHPD,39.5054054,-121.541008
05 - Calaveras,Mark Twain Medical Center,San Andreas,https://esp.oshpd.ca.gov/CitizenAccess/Cap/CapDetail.aspx?Module=Permits&TabName=Permits&capID1=49HIS&capID2=00000&capID3=00001&agencyCode=OSHPD,38.1902046,-120.6700058
06 - Colusa,Colusa Medical Center,Colusa,https://esp.oshpd.ca.gov/CitizenAccess/Cap/CapDetail.aspx?Module=Permits&TabName=Permits&capID1=70HIS&capID2=00000&capID3=00000&agencyCode=OSHPD,39.2073686,-122.0004366
07 - Contra Costa,Contra Costa Regional Medical Center,Martinez,https://esp.oshpd.ca.gov/CitizenAccess/Cap/CapDetail.aspx?Module=Permits&TabName=Permits&capID1=01HIS&capID2=00000&capID3=00028&agencyCode=OSHPD,38.0065689,-122.1331177
07 - Contra Costa,John Muir Medical Center-Concord Campus,Concord,https://esp.oshpd.ca.gov/CitizenAccess/Cap/CapDetail.aspx?Module=Permits&TabName=Permits&capID1=54HIS&capID2=00000&capID3=00017&agencyCode=OSHPD,37.9840473,-122.0349298
07 - Contra Costa,John Muir Medical Center-Walnut Creek Campus,Walnut Creek,https://esp.oshpd.ca.gov/CitizenAccess/Cap/CapDetail.aspx?Module=Permits&TabName=Permits&capID1=64HIS&capID2=00000&capID3=00004&agencyCode=OSHPD,37.9141818,-122.0421336
07 - Contra Costa,Kaiser Foundation Hospital - Antioch,Antioch,https://esp.oshpd.ca.gov/CitizenAccess/Cap/CapDetail.aspx?Module=Permits&TabName=Permits&capID1=07HIS&capID2=00000&capID3=00030&agencyCode=OSHPD,37.9518547,-121.7769241
07 - Contra Costa,Kaiser Foundation Hospital - Richmond Campus,Richmond,https://esp.oshpd.ca.gov/CitizenAccess/Cap/CapDetail.aspx?Module=Permits&TabName=Permits&capID1=95HIS&capID2=00000&capID3=00062&agencyCode=OSHPD,37.937576,-122.36097
07 - Contra Costa,Kaiser Foundation Hospital - Walnut Creek,Walnut Creek,https://esp.oshpd.ca.gov/CitizenAccess/Cap/CapDetail.aspx?Module=Permits&TabName=Permits&capID1=85HIS&capID2=00000&capID3=00039&agencyCode=OSHPD,37.8917542,-122.0595322
07 - Contra Costa,San Ramon Regional Medical Center,San Ramon,https://esp.oshpd.ca.gov/CitizenAccess/Cap/CapDetail.aspx?Module=Permits&TabName=Permits&capID1=93HIS&capID2=00000&capID3=00005&agencyCode=OSHPD,37.7770854,-121.9610464
07 - Contra Costa,San Ramon Regional Medical Center South Building,San Ramon,https://esp.oshpd.ca.gov/CitizenAccess/Cap/CapDetail.aspx?Module=Permits&TabName=Permits&capID1=91HIS&capID2=00000&capID3=00076&agencyCode=OSHPD,37.7772463,-121.9607292
07 - Contra Costa,Sutter Delta Medical Center,Antioch,https://esp.oshpd.ca.gov/CitizenAccess/Cap/CapDetail.aspx?Module=Permits&TabName=Permits&capID1=67HIS&capID2=00000&capID3=00040&agencyCode=OSHPD,37.9837036,-121.8008118
08 - Del Norte,Sutter Coast Hospital,Crescent City,https://esp.oshpd.ca.gov/CitizenAccess/Cap/CapDetail.aspx?Module=Permits&TabName=Permits&capID1=94HIS&capID2=00000&capID3=00029&agencyCode=OSHPD,41.7745094,-124.1940002
09 - El Dorado,Barton Memorial Hospital,South Lake Tahoe,https://esp.oshpd.ca.gov/CitizenAccess/Cap/CapDetail.aspx?Module=Permits&TabName=Permits&capID1=61HIS&capID2=00000&capID3=00003&agencyCode=OSHPD,38.91161,-119.997597
09 - El Dorado,Marshall Medical Center,Placerville,https://esp.oshpd.ca.gov/CitizenAccess/Cap/CapDetail.aspx?Module=Permits&TabName=Permits&capID1=58HIS&capID2=00000&capID3=00008&agencyCode=OSHPD,38.7255004,-120.7908884
10 - Fresno,Adventist Health Reedley,Reedley,https://esp.oshpd.ca.gov/CitizenAccess/Cap/CapDetail.aspx?Module=Permits&TabName=Permits&capID1=64HIS&capID2=00000&capID3=00006&agencyCode=OSHPD,36.6078448,-119.4513356
10 - Fresno,Adventist Health Selma,Selma,https://esp.oshpd.ca.gov/CitizenAccess/Cap/CapDetail.aspx?Module=Permits&TabName=Permits&capID1=65HIS&capID2=00000&capID3=00007&agencyCode=OSHPD,36.5679474,-119.5984116
10 - Fresno,Clovis Community Medical Center,Clovis,https://esp.oshpd.ca.gov/CitizenAccess/Cap/CapDetail.aspx?Module=Permits&TabName=Permits&capID1=91HIS&capID2=00000&capID3=00000&agencyCode=OSHPD,36.8374579,-119.6607678
10 - Fresno,Coalinga Regional Medical Center,Coalinga,https://esp.oshpd.ca.gov/CitizenAccess/Cap/CapDetail.aspx?Module=Permits&TabName=Permits&capID1=94HIS&capID2=00000&capID3=00010&agencyCode=OSHPD,36.151538,-120.3403994
10 - Fresno,Community Regional Medical Center,Fresno,https://esp.oshpd.ca.gov/CitizenAccess/Cap/CapDetail.aspx?Module=Permits&TabName=Permits&capID1=68HIS&capID2=00000&capID3=00000&agencyCode=OSHPD,36.7440643,-119.7837677
10 - Fresno,Fresno Heart And Surgical Hospital,Fresno,https://esp.oshpd.ca.gov/CitizenAccess/Cap/CapDetail.aspx?Module=Permits&TabName=Permits&capID1=03HIS&capID2=00000&capID3=00045&agencyCode=OSHPD,36.85989,-119.7885513
10 - Fresno,Fresno Surgical Hospital,Fresno,https://esp.oshpd.ca.gov/CitizenAccess/Cap/CapDetail.aspx?Module=Permits&TabName=Permits&capID1=97HIS&capID2=00000&capID3=00005&agencyCode=OSHPD,36.8250999,-119.781929
10 - Fresno,Kaiser Foundation Hospital - Fresno,Fresno,https://esp.oshpd.ca.gov/CitizenAccess/Cap/CapDetail.aspx?Module=Permits&TabName=Permits&capID1=94HIS&capID2=00000&capID3=00020&agencyCode=OSHPD,36.8428688,-119.7812424
10 - Fresno,Saint Agnes Medical Center,Fresno,https://esp.oshpd.ca.gov/CitizenAccess/Cap/CapDetail.aspx?Module=Permits&TabName=Permits&capID1=74HIS&capID2=00000&capID3=00008&agencyCode=OSHPD,36.8353767,-119.765625
10 - Fresno,San Joaquin Valley Rehabilitation Hospital,Fresno,https://esp.oshpd.ca.gov/CitizenAccess/Cap/CapDetail.aspx?Module=Permits&TabName=Permits&capID1=93HIS&capID2=00000&capID3=00043&agencyCode=OSHPD,36.8399296,-119.7595395
11 - Glenn,Glenn Medical Center,Willows,https://esp.oshpd.ca.gov/CitizenAccess/Cap/CapDetail.aspx?Module=Permits&TabName=Permits&capID1=50HIS&capID2=00000&capID3=00001&agencyCode=OSHPD,39.5205112,-122.2077231
12 - Humboldt,Jerold Phelps Community Hospital,Garberville,https://esp.oshpd.ca.gov/CitizenAccess/Cap/CapDetail.aspx?Module=Permits&TabName=Permits&capID1=30HIS&capID2=00000&capID3=00000&agencyCode=OSHPD,40.1016769,-123.7919312
12 - Humboldt,Mad River Community Hospital,Arcata,https://esp.oshpd.ca.gov/CitizenAccess/Cap/CapDetail.aspx?Module=Permits&TabName=Permits&capID1=71HIS&capID2=00000&capID3=00002&agencyCode=OSHPD,40.8962479,-124.0914459
12 - Humboldt,Providence Redwood Memorial Hospital,Fortuna,https://esp.oshpd.ca.gov/CitizenAccess/Cap/CapDetail.aspx?Module=Permits&TabName=Permits&capID1=55HIS&capID2=00000&capID3=00006&agencyCode=OSHPD,40.5823402,-124.1365204
12 - Humboldt,Providence St. Joseph Hospital,Eureka,https://esp.oshpd.ca.gov/CitizenAccess/Cap/CapDetail.aspx?Module=Permits&TabName=Permits&capID1=53HIS&capID2=00000&capID3=00002&agencyCode=OSHPD,40.7836571,-124.1424637
12 - Humboldt,Southern Humboldt Community Healthcare District,Garberville,https://esp.oshpd.ca.gov/CitizenAccess/Cap/CapDetail.aspx?Module=Permits&TabName=Permits&capID1=20CAP&capID2=00000&capID3=00A4U&agencyCode=OSHPD,40.097865,-123.797562
12 - Humboldt,The General Hospital,Eureka,https://esp.oshpd.ca.gov/CitizenAccess/Cap/CapDetail.aspx?Module=Permits&TabName=Permits&capID1=29HIS&capID2=00000&capID3=00000&agencyCode=OSHPD,40.7880232,-124.1396894
13 - Imperial,El Centro Regional Medical Center,El Centro,https://esp.oshpd.ca.gov/CitizenAccess/Cap/CapDetail.aspx?Module=Permits&TabName=Permits&capID1=55HIS&capID2=00000&capID3=00008&agencyCode=OSHPD,32.7804451,-115.5685196
13 - Imperial,Pioneers Memorial Healthcare District,Brawley,https://esp.oshpd.ca.gov/CitizenAccess/Cap/CapDetail.aspx?Module=Permits&TabName=Permits&capID1=49HIS&capID2=00000&capID3=00007&agencyCode=OSHPD,32.9581223,-115.5538635
14 - Inyo,Northern Inyo Hospital,Bishop,https://esp.oshpd.ca.gov/CitizenAccess/Cap/CapDetail.aspx?Module=Permits&TabName=Permits&capID1=67HIS&capID2=00000&capID3=00009&agencyCode=OSHPD,37.3621216,-118.4059296
14 - Inyo,Southern Inyo Hospital,Lone Pine,https://esp.oshpd.ca.gov/CitizenAccess/Cap/CapDetail.aspx?Module=Permits&TabName=Permits&capID1=53HIS&capID2=00000&capID3=00003&agencyCode=OSHPD,36.609056,-118.057855
15 - Kern,Adventist Health Bakersfield,Bakersfield,https://esp.oshpd.ca.gov/CitizenAccess/Cap/CapDetail.aspx?Module=Permits&TabName=Permits&capID1=71HIS&capID2=00000&capID3=00028&agencyCode=OSHPD,35.3833771,-119.0196991
15 - Kern,Adventist Health Delano,Delano,https://esp.oshpd.ca.gov/CitizenAccess/Cap/CapDetail.aspx?Module=Permits&TabName=Permits&capID1=73HIS&capID2=00000&capID3=00032&agencyCode=OSHPD,35.7621613,-119.238884
15 - Kern,Adventist Health Specialty Bakersfield,Bakersfield,https://esp.oshpd.ca.gov/CitizenAccess/Cap/CapDetail.aspx?Module=Permits&TabName=Permits&capID1=99HIS&capID2=00000&capID3=00014&agencyCode=OSHPD,35.3854904,-119.0396042
15 - Kern,Adventist Health Tehachapi Valley,Tehachapi,https://esp.oshpd.ca.gov/CitizenAccess/Cap/CapDetail.aspx?Module=Permits&TabName=Permits&capID1=73HIS&capID2=00000&capID3=00258&agencyCode=OSHPD,35.144952,-118.450265
15 - Kern,Bakersfield Memorial Hospital,Bakersfield,https://esp.oshpd.ca.gov/CitizenAccess/Cap/CapDetail.aspx?Module=Permits&TabName=Permits&capID1=54HIS&capID2=00000&capID3=00003&agencyCode=OSHPD,35.3920212,-119.0067825
15 - Kern,Central California Rehabilitation Hospital,Bakersfield,https://esp.oshpd.ca.gov/CitizenAccess/Cap/CapDetail.aspx?Module=Permits&TabName=Permits&capID1=18CAP&capID2=00000&capID3=0018P&agencyCode=OSHPD,35.39559,-118.9182
15 - Kern,Encompass Health Rehabilitation Hospital of Bakersfield,Bakersfield,https://esp.oshpd.ca.gov/CitizenAccess/Cap/CapDetail.aspx?Module=Permits&TabName=Permits&capID1=95HIS&capID2=00000&capID3=00011&agencyCode=OSHPD,35.3673248,-119.0574265
15 - Kern,Good Samaritan Hospital,Bakersfield,https://esp.oshpd.ca.gov/CitizenAccess/Cap/CapDetail.aspx?Module=Permits&TabName=Permits&capID1=59HIS&capID2=00000&capID3=00008&agencyCode=OSHPD,35.4117165,-119.0397263
15 - Kern,Kern Medical Center,Bakersfield,https://esp.oshpd.ca.gov/CitizenAccess/Cap/CapDetail.aspx?Module=Permits&TabName=Permits&capID1=54HIS&capID2=00000&capID3=00006&agencyCode=OSHPD,35.3832321,-118.9699707
15 - Kern,Kern Valley Healthcare District,Lake Isabella,https://esp.oshpd.ca.gov/CitizenAccess/Cap/CapDetail.aspx?Module=Permits&TabName=Permits&capID1=66HIS&capID2=00000&capID3=00011&agencyCode=OSHPD,35.6352992,-118.406351
15 - Kern,Mercy Hospital,Bakersfield,https://esp.oshpd.ca.gov/CitizenAccess/Cap/CapDetail.aspx?Module=Permits&TabName=Permits&capID1=55HIS&capID2=00000&capID3=00010&agencyCode=OSHPD,35.372791,-119.027611
15 - Kern,Mercy Southwest Hospital,Bakersfield,https://esp.oshpd.ca.gov/CitizenAccess/Cap/CapDetail.aspx?Module=Permits&TabName=Permits&capID1=95HIS&capID2=00000&capID3=00076&agencyCode=OSHPD,35.3514481,-119.1124039
15 - Kern,Ridgecrest Regional Hospital,Ridgecrest,https://esp.oshpd.ca.gov/CitizenAccess/Cap/CapDetail.aspx?Module=Permits&TabName=Permits&capID1=67HIS&capID2=00000&capID3=00011&agencyCode=OSHPD,35.6408501,-117.6711655
16 - Kings,Adventist Health Hanford,Hanford,https://esp.oshpd.ca.gov/CitizenAccess/Cap/CapDetail.aspx?Module=Permits&TabName=Permits&capID1=12CAP&capID2=00000&capID3=001Q7&agencyCode=OSHPD,36.3257146,-119.6683987
17 - Lake,Adventist Health Clearlake,Clearlake,https://esp.oshpd.ca.gov/CitizenAccess/Cap/CapDetail.aspx?Module=Permits&TabName=Permits&capID1=68HIS&capID2=00000&capID3=00011&agencyCode=OSHPD,38.9361919,-122.6202428
17 - Lake,Sutter Lakeside Hospital,Lakeport,https://esp.oshpd.ca.gov/CitizenAccess/Cap/CapDetail.aspx?Module=Permits&TabName=Permits&capID1=77HIS&capID2=00000&capID3=00007&agencyCode=OSHPD,39.1048164,-122.9068604
18 - Lassen,Banner Lassen Medical Center,Susanville,https://esp.oshpd.ca.gov/CitizenAccess/Cap/CapDetail.aspx?Module=Permits&TabName=Permits&capID1=04HIS&capID2=00000&capID3=00044&agencyCode=OSHPD,40.4362373,-120.6272659
19 - Los Angeles,Adventist Health Glendale,Glendale,https://esp.oshpd.ca.gov/CitizenAccess/Cap/CapDetail.aspx?Module=Permits&TabName=Permits&capID1=62HIS&capID2=00000&capID3=00022&agencyCode=OSHPD,34.151104,-118.229912
19 - Los Angeles,Adventist Health White Memorial,Los Angeles,https://esp.oshpd.ca.gov/CitizenAccess/Cap/CapDetail.aspx?Module=Permits&TabName=Permits&capID1=66HIS&capID2=00000&capID3=00029&agencyCode=OSHPD,34.0493202,-118.2173462
19 - Los Angeles,Adventist Health White Memorial Montebello,Montebello,https://esp.oshpd.ca.gov/CitizenAccess/Cap/CapDetail.aspx?Module=Permits&TabName=Permits&capID1=52HIS&capID2=00000&capID3=00001&agencyCode=OSHPD,34.0150566,-118.1006393
19 - Los Angeles,Alhambra Hospital Medical Center,Alhambra,https://esp.oshpd.ca.gov/CitizenAccess/Cap/CapDetail.aspx?Module=Permits&TabName=Permits&capID1=71HIS&capID2=00000&capID3=00021&agencyCode=OSHPD,34.0904846,-118.1440964
19 - Los Angeles,Antelope Valley Medical Center,Lancaster,https://esp.oshpd.ca.gov/CitizenAccess/Cap/CapDetail.aspx?Module=Permits&TabName=Permits&capID1=54HIS&capID2=00000&capID3=00002&agencyCode=OSHPD,34.6877708,-118.1579819
19 - Los Angeles,Barlow Respiratory Hospital,Los Angeles,https://esp.oshpd.ca.gov/CitizenAccess/Cap/CapDetail.aspx?Module=Permits&TabName=Permits&capID1=80HIS&capID2=00000&capID3=00500&agencyCode=OSHPD,34.0754242,-118.2474213
19 - Los Angeles,California Hospital Medical Center - Los Angeles,Los Angeles,https://esp.oshpd.ca.gov/CitizenAccess/Cap/CapDetail.aspx?Module=Permits&TabName=Permits&capID1=83HIS&capID2=00000&capID3=00016&agencyCode=OSHPD,34.0371506,-118.2654666
19 - Los Angeles,"California Rehabilitation Institute, LLC",Los Angeles,https://esp.oshpd.ca.gov/CitizenAccess/Cap/CapDetail.aspx?Module=Permits&TabName=Permits&capID1=66HIS&capID2=00000&capID3=00014&agencyCode=OSHPD,34.0592079,-118.4115448
19 - Los Angeles,Casa Colina Hospital,Pomona,https://esp.oshpd.ca.gov/CitizenAccess/Cap/CapDetail.aspx?Module=Permits&TabName=Permits&capID1=05HIS&capID2=00000&capID3=00041&agencyCode=OSHPD,34.0962806,-117.7456525
19 - Los Angeles,Catalina Island Medical Center,Avalon,https://esp.oshpd.ca.gov/CitizenAccess/Cap/CapDetail.aspx?Module=Permits&TabName=Permits&capID1=24CAP&capID2=00000&capID3=0079E&agencyCode=OSHPD,33.333191,-118.335546
19 - Los Angeles,Cedars-Sinai Marina Hospital,Marina Del Rey,https://esp.oshpd.ca.gov/CitizenAccess/Cap/CapDetail.aspx?Module=Permits&TabName=Permits&capID1=69HIS&capID2=00000&capID3=00020&agencyCode=OSHPD,33.982189,-118.439125
19 - Los Angeles,Cedars-Sinai Medical Center,Los Angeles,https://esp.oshpd.ca.gov/CitizenAccess/Cap/CapDetail.aspx?Module=Permits&TabName=Permits&capID1=76HIS&capID2=00000&capID3=00007&agencyCode=OSHPD,34.0765457,-118.3800049
19 - Los Angeles,Centinela Hospital Medical Center,Inglewood,https://esp.oshpd.ca.gov/CitizenAccess/Cap/CapDetail.aspx?Module=Permits&TabName=Permits&capID1=60HIS&capID2=00000&capID3=00009&agencyCode=OSHPD,33.9508476,-118.3482819
19 - Los Angeles,Children's Hospital Los Angeles,Los Angeles,https://esp.oshpd.ca.gov/CitizenAccess/Cap/CapDetail.aspx?Module=Permits&TabName=Permits&capID1=64HIS&capID2=00000&capID3=00013&agencyCode=OSHPD,34.0981051,-118.2906117
19 - Los Angeles,City Of Hope Helford Clinical Research Hospital,Duarte,https://esp.oshpd.ca.gov/CitizenAccess/Cap/CapDetail.aspx?Module=Permits&TabName=Permits&capID1=73HIS&capID2=00000&capID3=00013&agencyCode=OSHPD,34.127777,-117.972443
19 - Los Angeles,Coast Plaza Hospital,Norwalk,https://esp.oshpd.ca.gov/CitizenAccess/Cap/CapDetail.aspx?Module=Permits&TabName=Permits&capID1=57HIS&capID2=00000&capID3=00037&agencyCode=OSHPD,33.9125519,-118.0984573
19 - Los Angeles,College Medical Center,Long Beach,https://esp.oshpd.ca.gov/CitizenAccess/Cap/CapDetail.aspx?Module=Permits&TabName=Permits&capID1=55HIS&capID2=00000&capID3=00003&agencyCode=OSHPD,33.8073273,-118.1930466
19 - Los Angeles,Community Hospital Of Huntington Park,Huntington Park,https://esp.oshpd.ca.gov/CitizenAccess/Cap/CapDetail.aspx?Module=Permits&TabName=Permits&capID1=35HIS&capID2=00000&capID3=00000&agencyCode=OSHPD,33.989521,-118.224258
19 - Los Angeles,Docs Surgical Hospital,Los Angeles,https://esp.oshpd.ca.gov/CitizenAccess/Cap/CapDetail.aspx?Module=Permits&TabName=Permits&capID1=52HIS&capID2=00000&capID3=00013&agencyCode=OSHPD,34.057224,-118.362221
19 - Los Angeles,East Los Angeles Doctors Hospital,Los Angeles,https://esp.oshpd.ca.gov/CitizenAccess/Cap/CapDetail.aspx?Module=Permits&TabName=Permits&capID1=73HIS&capID2=00000&capID3=00014&agencyCode=OSHPD,34.0238851,-118.1841829
19 - Los Angeles,Emanate Health Foothill Presbyterian Hospital,Glendora,https://esp.oshpd.ca.gov/CitizenAccess/Cap/CapDetail.aspx?Module=Permits&TabName=Permits&capID1=71HIS&capID2=00000&capID3=00004&agencyCode=OSHPD,34.132885,-117.8712387
19 - Los Angeles,Emanate Health Inter-Community Hospital,Covina,https://esp.oshpd.ca.gov/CitizenAccess/Cap/CapDetail.aspx?Module=Permits&TabName=Permits&capID1=54HIS&capID2=00000&capID3=00012&agencyCode=OSHPD,34.0880203,-117.8934097
19 - Los Angeles,Emanate Health Queen Of The Valley Hospital,West Covina,https://esp.oshpd.ca.gov/CitizenAccess/Cap/CapDetail.aspx?Module=Permits&TabName=Permits&capID1=60HIS&capID2=00000&capID3=00017&agencyCode=OSHPD,34.0646515,-117.9444656
19 - Los Angeles,Encino Hospital Medical Center,Encino,https://esp.oshpd.ca.gov/CitizenAccess/Cap/CapDetail.aspx?Module=Permits&TabName=Permits&capID1=50HIS&capID2=00000&capID3=00006&agencyCode=OSHPD,34.1580353,-118.4875488
19 - Los Angeles,Garfield Medical Center,Monterey Park,https://esp.oshpd.ca.gov/CitizenAccess/Cap/CapDetail.aspx?Module=Permits&TabName=Permits&capID1=70HIS&capID2=00000&capID3=00029&agencyCode=OSHPD,34.0690346,-118.1238403
19 - Los Angeles,Glendale Memorial Hospital and Health Center,Glendale,https://esp.oshpd.ca.gov/CitizenAccess/Cap/CapDetail.aspx?Module=Permits&TabName=Permits&capID1=26HIS&capID2=00000&capID3=00003&agencyCode=OSHPD,34.1283531,-118.2577204
19 - Los Angeles,Greater El Monte Community Hospital,South El Monte,https://esp.oshpd.ca.gov/CitizenAccess/Cap/CapDetail.aspx?Module=Permits&TabName=Permits&capID1=71HIS&capID2=00000&capID3=00005&agencyCode=OSHPD,34.0477676,-118.0434189
19 - Los Angeles,Henry Mayo Newhall Hospital,Valencia,https://esp.oshpd.ca.gov/CitizenAccess/Cap/CapDetail.aspx?Module=Permits&TabName=Permits&capID1=75HIS&capID2=00000&capID3=00009&agencyCode=OSHPD,34.398087,-118.553551
19 - Los Angeles,Hollywood Presbyterian Medical Center,Los Angeles,https://esp.oshpd.ca.gov/CitizenAccess/Cap/CapDetail.aspx?Module=Permits&TabName=Permits&capID1=23HIS&capID2=00000&capID3=00001&agencyCode=OSHPD,34.0956878,-118.291706
19 - Los Angeles,Huntington Hospital,Pasadena,https://esp.oshpd.ca.gov/CitizenAccess/Cap/CapDetail.aspx?Module=Permits&TabName=Permits&capID1=92HIS&capID2=00000&capID3=00052&agencyCode=OSHPD,34.1357352,-118.1523713
19 - Los Angeles,Kaiser Foundation Hospital - Baldwin Park,Baldwin Park,https://esp.oshpd.ca.gov/CitizenAccess/Cap/CapDetail.aspx?Module=Permits&TabName=Permits&capID1=94HIS&capID2=00000&capID3=00061&agencyCode=OSHPD,34.0635207,-117.9857766
19 - Los Angeles,Kaiser Foundation Hospital - Downey,Downey,https://esp.oshpd.ca.gov/CitizenAccess/Cap/CapDetail.aspx?Module=Permits&TabName=Permits&capID1=10HIS&capID2=00000&capID3=00406&agencyCode=OSHPD,33.9170708,-118.1292446
19 - Los Angeles,Kaiser Foundation Hospital - Los Angeles,Los Angeles,https://esp.oshpd.ca.gov/CitizenAccess/Cap/CapDetail.aspx?Module=Permits&TabName=Permits&capID1=69HIS&capID2=00000&capID3=00041&agencyCode=OSHPD,34.0987167,-118.295372
19 - Los Angeles,Kaiser Foundation Hospital - Panorama City,Panorama City,https://esp.oshpd.ca.gov/CitizenAccess/Cap/CapDetail.aspx?Module=Permits&TabName=Permits&capID1=65HIS&capID2=00000&capID3=00028&agencyCode=OSHPD,34.2187881,-118.4300308
19 - Los Angeles,Kaiser Foundation Hospital - South Bay,Harbor City,https://esp.oshpd.ca.gov/CitizenAccess/Cap/CapDetail.aspx?Module=Permits&TabName=Permits&capID1=86HIS&capID2=00000&capID3=00031&agencyCode=OSHPD,33.788593,-118.295652
19 - Los Angeles,Kaiser Foundation Hospital - Woodland Hills,Woodland Hills,https://esp.oshpd.ca.gov/CitizenAccess/Cap/CapDetail.aspx?Module=Permits&TabName=Permits&capID1=85HIS&capID2=00000&capID3=00004&agencyCode=OSHPD,34.1709785,-118.5897369
19 - Los Angeles,Kaiser Foundation Hospital-West LA,Los Angeles,https://esp.oshpd.ca.gov/CitizenAccess/Cap/CapDetail.aspx?Module=Permits&TabName=Permits&capID1=75HIS&capID2=00000&capID3=00020&agencyCode=OSHPD,34.0386848,-118.3751678
19 - Los Angeles,Keck Hospital of USC,Los Angeles,https://esp.oshpd.ca.gov/CitizenAccess/Cap/CapDetail.aspx?Module=Permits&TabName=Permits&capID1=92HIS&capID2=00000&capID3=00070&agencyCode=OSHPD,34.0619545,-118.2015686
19 - Los Angeles,Kindred Hospital - La Mirada,La Mirada,https://esp.oshpd.ca.gov/CitizenAccess/Cap/CapDetail.aspx?Module=Permits&TabName=Permits&capID1=61HIS&capID2=00000&capID3=00019&agencyCode=OSHPD,33.91637,-118.013329
19 - Los Angeles,Kindred Hospital - Los Angeles,Los Angeles,https://esp.oshpd.ca.gov/CitizenAccess/Cap/CapDetail.aspx?Module=Permits&TabName=Permits&capID1=58HIS&capID2=00000&capID3=00011&agencyCode=OSHPD,33.9902153,-118.3784103
19 - Los Angeles,Kindred Hospital - San Gabriel Valley,West Covina,https://esp.oshpd.ca.gov/CitizenAccess/Cap/CapDetail.aspx?Module=Permits&TabName=Permits&capID1=56HIS&capID2=00000&capID3=00017&agencyCode=OSHPD,34.0870667,-117.917244
19 - Los Angeles,Kindred Hospital Baldwin Park,Baldwin Park,https://esp.oshpd.ca.gov/CitizenAccess/Cap/CapDetail.aspx?Module=Permits&TabName=Permits&capID1=70HIS&capID2=00000&capID3=00045&agencyCode=OSHPD,34.0638285,-117.9677602
19 - Los Angeles,Kindred Hospital Paramount,Paramount,https://esp.oshpd.ca.gov/CitizenAccess/Cap/CapDetail.aspx?Module=Permits&TabName=Permits&capID1=70HIS&capID2=00000&capID3=00011&agencyCode=OSHPD,33.884331,-118.162048
19 - Los Angeles,Kindred Hospital South Bay,Gardena,https://esp.oshpd.ca.gov/CitizenAccess/Cap/CapDetail.aspx?Module=Permits&TabName=Permits&capID1=57HIS&capID2=00000&capID3=00012&agencyCode=OSHPD,33.8900032,-118.2974014
19 - Los Angeles,L.A. Downtown Medical Center,Los Angeles,https://esp.oshpd.ca.gov/CitizenAccess/Cap/CapDetail.aspx?Module=Permits&TabName=Permits&capID1=75HIS&capID2=00000&capID3=00001&agencyCode=OSHPD,34.0688007,-118.2633872
19 - Los Angeles,LAC/Harbor-UCLA Medical Center,Torrance,https://esp.oshpd.ca.gov/CitizenAccess/Cap/CapDetail.aspx?Module=Permits&TabName=Permits&capID1=59HIS&capID2=00000&capID3=00017&agencyCode=OSHPD,33.8297997,-118.2947464
19 - Los Angeles,LAC/Olive View-UCLA Medical Center,Sylmar,https://esp.oshpd.ca.gov/CitizenAccess/Cap/CapDetail.aspx?Module=Permits&TabName=Permits&capID1=87HIS&capID2=00000&capID3=00009&agencyCode=OSHPD,34.325735,-118.445787
19 - Los Angeles,LAC/Rancho Los Amigos National Rehabilitation Center,Downey,https://esp.oshpd.ca.gov/CitizenAccess/Cap/CapDetail.aspx?Module=Permits&TabName=Permits&capID1=63HIS&capID2=00000&capID3=00035&agencyCode=OSHPD,33.929081,-118.157997
19 - Los Angeles,Los Angeles Community Hospital,Los Angeles,https://esp.oshpd.ca.gov/CitizenAccess/Cap/CapDetail.aspx?Module=Permits&TabName=Permits&capID1=56HIS&capID2=00000&capID3=00009&agencyCode=OSHPD,34.0193863,-118.186615
19 - Los Angeles,Los Angeles Community Hospital at Bellflower,Bellflower,https://esp.oshpd.ca.gov/CitizenAccess/Cap/CapDetail.aspx?Module=Permits&TabName=Permits&capID1=49HIS&capID2=00000&capID3=00000&agencyCode=OSHPD,33.874352,-118.129448
19 - Los Angeles,Los Angeles General Medical Center,Los Angeles,https://esp.oshpd.ca.gov/CitizenAccess/Cap/CapDetail.aspx?Module=Permits&TabName=Permits&capID1=73HIS&capID2=00000&capID3=00098&agencyCode=OSHPD,34.05766,-118.207581
19 - Los Angeles,"Martin Luther King, Jr. Community Hospital",Los Angeles,https://esp.oshpd.ca.gov/CitizenAccess/Cap/CapDetail.aspx?Module=Permits&TabName=Permits&capID1=72HIS&capID2=00000&capID3=00059&agencyCode=OSHPD,33.923991,-118.245304
19 - Los Angeles,Memorial Hospital of Gardena,Gardena,https://esp.oshpd.ca.gov/CitizenAccess/Cap/CapDetail.aspx?Module=Permits&TabName=Permits&capID1=68HIS&capID2=00000&capID3=00050&agencyCode=OSHPD,33.8929977,-118.2950592
19 - Los Angeles,Memorialcare Long Beach Medical Center,Long Beach,https://esp.oshpd.ca.gov/CitizenAccess/Cap/CapDetail.aspx?Module=Permits&TabName=Permits&capID1=58HIS&capID2=00000&capID3=00025&agencyCode=OSHPD,33.8078156,-118.1868362
19 - Los Angeles,Memorialcare Miller Children's & Women's Hospital Long Beach,Long Beach,https://esp.oshpd.ca.gov/CitizenAccess/Cap/CapDetail.aspx?Module=Permits&TabName=Permits&capID1=69HIS&capID2=00000&capID3=00059&agencyCode=OSHPD,33.8078156,-118.1868362
19 - Los Angeles,Mission Community Hospital,Panorama City,https://esp.oshpd.ca.gov/CitizenAccess/Cap/CapDetail.aspx?Module=Permits&TabName=Permits&capID1=65HIS&capID2=00000&capID3=00002&agencyCode=OSHPD,34.2204094,-118.4566345
19 - Los Angeles,Monrovia Memorial Hospital,Monrovia,https://esp.oshpd.ca.gov/CitizenAccess/Cap/CapDetail.aspx?Module=Permits&TabName=Permits&capID1=58HIS&capID2=00000&capID3=00006&agencyCode=OSHPD,34.1490946,-117.9922286
19 - Los Angeles,Monterey Park Hospital,Monterey Park,https://esp.oshpd.ca.gov/CitizenAccess/Cap/CapDetail.aspx?Module=Permits&TabName=Permits&capID1=71HIS&capID2=00000&capID3=00027&agencyCode=OSHPD,34.0501633,-118.1376266
19 - Los Angeles,Northridge Hospital Medical Center,Northridge,https://esp.oshpd.ca.gov/CitizenAccess/Cap/CapDetail.aspx?Module=Permits&TabName=Permits&capID1=93HIS&capID2=00000&capID3=00009&agencyCode=OSHPD,34.2199783,-118.5328827
19 - Los Angeles,Norwalk Community Hospital,Norwalk,https://esp.oshpd.ca.gov/CitizenAccess/Cap/CapDetail.aspx?Module=Permits&TabName=Permits&capID1=54HIS&capID2=00000&capID3=00000&agencyCode=OSHPD,33.9107323,-118.0639114
19 - Los Angeles,Olympia Medical Center,Los Angeles,https://esp.oshpd.ca.gov/CitizenAccess/Cap/CapDetail.aspx?Module=Permits&TabName=Permits&capID1=77HIS&capID2=00000&capID3=00010&agencyCode=OSHPD,34.057506,-118.359991
19 - Los Angeles,Pacific Gardens Medical Center,Hawaiian Gardens,https://esp.oshpd.ca.gov/CitizenAccess/Cap/CapDetail.aspx?Module=Permits&TabName=Permits&capID1=71HIS&capID2=00000&capID3=00023&agencyCode=OSHPD,33.833578,-118.080178
19 - Los Angeles,Pacifica Hospital of the Valley,Sun Valley,https://esp.oshpd.ca.gov/CitizenAccess/Cap/CapDetail.aspx?Module=Permits&TabName=Permits&capID1=68HIS&capID2=00000&capID3=00001&agencyCode=OSHPD,34.2401848,-118.3963165
19 - Los Angeles,Palmdale Regional Medical Center,Palmdale,https://esp.oshpd.ca.gov/CitizenAccess/Cap/CapDetail.aspx?Module=Permits&TabName=Permits&capID1=11HIS&capID2=00000&capID3=00142&agencyCode=OSHPD,34.5830231,-118.1448975
19 - Los Angeles,PIH Health Good Samaritan Hospital,Los Angeles,https://esp.oshpd.ca.gov/CitizenAccess/Cap/CapDetail.aspx?Module=Permits&TabName=Permits&capID1=76HIS&capID2=00000&capID3=00055&agencyCode=OSHPD,34.0532814,-118.2653788
19 - Los Angeles,PIH Health Hospital - Downey,Downey,https://esp.oshpd.ca.gov/CitizenAccess/Cap/CapDetail.aspx?Module=Permits&TabName=Permits&capID1=67HIS&capID2=00000&capID3=00033&agencyCode=OSHPD,33.9344368,-118.1311646
19 - Los Angeles,PIH Health Whittier Hospital,Whittier,https://esp.oshpd.ca.gov/CitizenAccess/Cap/CapDetail.aspx?Module=Permits&TabName=Permits&capID1=57HIS&capID2=00000&capID3=00020&agencyCode=OSHPD,33.969795,-118.049484
19 - Los Angeles,Pomona Valley Hospital Medical Center,Pomona,https://esp.oshpd.ca.gov/CitizenAccess/Cap/CapDetail.aspx?Module=Permits&TabName=Permits&capID1=72HIS&capID2=00000&capID3=00027&agencyCode=OSHPD,34.0770912,-117.7505951
19 - Los Angeles,Providence Cedars-Sinai Tarzana Medical Center,Tarzana,https://esp.oshpd.ca.gov/CitizenAccess/Cap/CapDetail.aspx?Module=Permits&TabName=Permits&capID1=72HIS&capID2=00000&capID3=00013&agencyCode=OSHPD,34.1706467,-118.5319977
19 - Los Angeles,Providence Holy Cross Medical Center,Mission Hills,https://esp.oshpd.ca.gov/CitizenAccess/Cap/CapDetail.aspx?Module=Permits&TabName=Permits&capID1=77HIS&capID2=00000&capID3=00043&agencyCode=OSHPD,34.280216,-118.460335
19 - Los Angeles,Providence Little Company Of Mary Medical Center San Pedro,San Pedro,https://esp.oshpd.ca.gov/CitizenAccess/Cap/CapDetail.aspx?Module=Permits&TabName=Permits&capID1=58HIS&capID2=00000&capID3=00015&agencyCode=OSHPD,33.7381859,-118.3037796
19 - Los Angeles,Providence Little Company of Mary Medical Center Torrance,Torrance,https://esp.oshpd.ca.gov/CitizenAccess/Cap/CapDetail.aspx?Module=Permits&TabName=Permits&capID1=60HIS&capID2=00000&capID3=00025&agencyCode=OSHPD,33.8389091,-118.3568268
19 - Los Angeles,Providence Saint Joseph Medical Center,Burbank,https://esp.oshpd.ca.gov/CitizenAccess/Cap/CapDetail.aspx?Module=Permits&TabName=Permits&capID1=93HIS&capID2=00000&capID3=00021&agencyCode=OSHPD,34.156044,-118.3283463
19 - Los Angeles,Ronald Reagan UCLA Medical Center,Los Angeles,https://esp.oshpd.ca.gov/CitizenAccess/Cap/CapDetail.aspx?Module=Permits&TabName=Permits&capID1=08HIS&capID2=00000&capID3=00127&agencyCode=OSHPD,34.0662157,-118.4453161
19 - Los Angeles,Saint John's Health Center,Santa Monica,https://esp.oshpd.ca.gov/CitizenAccess/Cap/CapDetail.aspx?Module=Permits&TabName=Permits&capID1=07HIS&capID2=00000&capID3=00027&agencyCode=OSHPD,34.0298282,-118.4786654
19 - Los Angeles,San Dimas Community Hospital,San Dimas,https://esp.oshpd.ca.gov/CitizenAccess/Cap/CapDetail.aspx?Module=Permits&TabName=Permits&capID1=71HIS&capID2=00000&capID3=00001&agencyCode=OSHPD,34.0990654,-117.8343491
19 - Los Angeles,San Gabriel Valley Medical Center,San Gabriel,https://esp.oshpd.ca.gov/CitizenAccess/Cap/CapDetail.aspx?Module=Permits&TabName=Permits&capID1=60HIS&capID2=00000&capID3=00011&agencyCode=OSHPD,34.1008072,-118.1059036
19 - Los Angeles,Santa Monica - UCLA Medical Center And Orthopaedic Hospital,Santa Monica,https://esp.oshpd.ca.gov/CitizenAccess/Cap/CapDetail.aspx?Module=Permits&TabName=Permits&capID1=83HIS&capID2=00000&capID3=00024&agencyCode=OSHPD,34.0275,-118.4861105
19 - Los Angeles,Sherman Oaks Hospital,Sherman Oaks,https://esp.oshpd.ca.gov/CitizenAccess/Cap/CapDetail.aspx?Module=Permits&TabName=Permits&capID1=56HIS&capID2=00000&capID3=00011&agencyCode=OSHPD,34.1602821,-118.4494171
19 - Los Angeles,Southern California Hospital At Culver City,Culver City,https://esp.oshpd.ca.gov/CitizenAccess/Cap/CapDetail.aspx?Module=Permits&TabName=Permits&capID1=60HIS&capID2=00000&capID3=00002&agencyCode=OSHPD,34.023212,-118.396927
19 - Los Angeles,Southern California Hospital at Hollywood,Hollywood,https://esp.oshpd.ca.gov/CitizenAccess/Cap/CapDetail.aspx?Module=Permits&TabName=Permits&capID1=60HIS&capID2=00000&capID3=00031&agencyCode=OSHPD,34.0962216,-118.3250646
19 - Los Angeles,St. Francis Medical Center,Lynwood,https://esp.oshpd.ca.gov/CitizenAccess/Cap/CapDetail.aspx?Module=Permits&TabName=Permits&capID1=98HIS&capID2=00000&capID3=00013&agencyCode=OSHPD,33.9298439,-118.2031097
19 - Los Angeles,St. Mary Medical Center,Long Beach,https://esp.oshpd.ca.gov/CitizenAccess/Cap/CapDetail.aspx?Module=Permits&TabName=Permits&capID1=74HIS&capID2=00000&capID3=00024&agencyCode=OSHPD,33.779911,-118.18605
19 - Los Angeles,Torrance Memorial Medical Center,Torrance,https://esp.oshpd.ca.gov/CitizenAccess/Cap/CapDetail.aspx?Module=Permits&TabName=Permits&capID1=68HIS&capID2=00000&capID3=00065&agencyCode=OSHPD,33.8127583,-118.3441351
19 - Los Angeles,UCI Health-Lakewood,Lakewood,https://esp.oshpd.ca.gov/CitizenAccess/Cap/CapDetail.aspx?Module=Permits&TabName=Permits&capID1=70HIS&capID2=00000&capID3=00013&agencyCode=OSHPD,33.859734,-118.150108
19 - Los Angeles,UCLA West Valley Medical Center,West Hills,https://esp.oshpd.ca.gov/CitizenAccess/Cap/CapDetail.aspx?Module=Permits&TabName=Permits&capID1=73HIS&capID2=00000&capID3=00063&agencyCode=OSHPD,34.2035408,-118.629374
19 - Los Angeles,USC Arcadia Hospital,Arcadia,https://esp.oshpd.ca.gov/CitizenAccess/Cap/CapDetail.aspx?Module=Permits&TabName=Permits&capID1=57HIS&capID2=00000&capID3=00001&agencyCode=OSHPD,34.1336001,-118.0412903
19 - Los Angeles,USC Kenneth Norris Jr. Cancer Hospital,Los Angeles,https://esp.oshpd.ca.gov/CitizenAccess/Cap/CapDetail.aspx?Module=Permits&TabName=Permits&capID1=84HIS&capID2=00000&capID3=00001&agencyCode=OSHPD,34.060894,-118.2053528
19 - Los Angeles,USC Verdugo Hills Hospital,Glendale,https://esp.oshpd.ca.gov/CitizenAccess/Cap/CapDetail.aspx?Module=Permits&TabName=Permits&capID1=72HIS&capID2=00000&capID3=00035&agencyCode=OSHPD,34.2045288,-118.2161407
19 - Los Angeles,Valley Presbyterian Hospital,Van Nuys,https://esp.oshpd.ca.gov/CitizenAccess/Cap/CapDetail.aspx?Module=Permits&TabName=Permits&capID1=56HIS&capID2=00000&capID3=00020&agencyCode=OSHPD,34.1949463,-118.4632111
19 - Los Angeles,West Covina Medical Center,West Covina,https://esp.oshpd.ca.gov/CitizenAccess/Cap/CapDetail.aspx?Module=Permits&TabName=Permits&capID1=53HIS&capID2=00000&capID3=00012&agencyCode=OSHPD,34.0713501,-117.9447784
19 - Los Angeles,Whittier Hospital Medical Center,Whittier,https://esp.oshpd.ca.gov/CitizenAccess/Cap/CapDetail.aspx?Module=Permits&TabName=Permits&capID1=57HIS&capID2=00000&capID3=00038&agencyCode=OSHPD,33.950382,-118.004646
20 - Madera,HealthBridge Central Valley Childrenï¿½s Center,Madera,https://esp.oshpd.ca.gov/CitizenAccess/Cap/CapDetail.aspx?Module=Permits&TabName=Permits&capID1=22CAP&capID2=00000&capID3=006YL&agencyCode=OSHPD,36.881135,-119.807554
20 - Madera,Madera Community Hospital,Madera,https://esp.oshpd.ca.gov/CitizenAccess/Cap/CapDetail.aspx?Module=Permits&TabName=Permits&capID1=69HIS&capID2=00000&capID3=00006&agencyCode=OSHPD,36.9435844,-120.0443573
20 - Madera,Valley Children's Hospital,Madera,https://esp.oshpd.ca.gov/CitizenAccess/Cap/CapDetail.aspx?Module=Permits&TabName=Permits&capID1=00HIS&capID2=00000&capID3=00063&agencyCode=OSHPD,36.8839378,-119.8008804
21 - Marin,Kaiser Foundation Hospital - San Rafael,San Rafael,https://esp.oshpd.ca.gov/CitizenAccess/Cap/CapDetail.aspx?Module=Permits&TabName=Permits&capID1=64HIS&capID2=00000&capID3=00003&agencyCode=OSHPD,38.0039635,-122.5553665
21 - Marin,Kentfield Hospital,Kentfield,https://esp.oshpd.ca.gov/CitizenAccess/Cap/CapDetail.aspx?Module=Permits&TabName=Permits&capID1=62HIS&capID2=00000&capID3=00000&agencyCode=OSHPD,37.9586143,-122.5536423
21 - Marin,Marinhealth Medical Center,Greenbrae,https://esp.oshpd.ca.gov/CitizenAccess/Cap/CapDetail.aspx?Module=Permits&TabName=Permits&capID1=51HIS&capID2=00000&capID3=00004&agencyCode=OSHPD,37.9475441,-122.5354538
21 - Marin,Novato Community Hospital,Novato,https://esp.oshpd.ca.gov/CitizenAccess/Cap/CapDetail.aspx?Module=Permits&TabName=Permits&capID1=02HIS&capID2=00000&capID3=00037&agencyCode=OSHPD,38.0996895,-122.5603409
22 - Mariposa,John C. Fremont Healthcare District,Mariposa,https://esp.oshpd.ca.gov/CitizenAccess/Cap/CapDetail.aspx?Module=Permits&TabName=Permits&capID1=51HIS&capID2=00000&capID3=00006&agencyCode=OSHPD,37.5003967,-119.9776764
23 - Mendocino,Adventist Health Howard Memorial,Willits,https://esp.oshpd.ca.gov/CitizenAccess/Cap/CapDetail.aspx?Module=Permits&TabName=Permits&capID1=11CAP&capID2=00000&capID3=004FX&agencyCode=OSHPD,39.390464,-123.33929
23 - Mendocino,Adventist Health Mendocino Coast,Fort Bragg,https://esp.oshpd.ca.gov/CitizenAccess/Cap/CapDetail.aspx?Module=Permits&TabName=Permits&capID1=69HIS&capID2=00000&capID3=00007&agencyCode=OSHPD,39.4314041,-123.8019562
23 - Mendocino,Adventist Health Ukiah Valley,Ukiah,https://esp.oshpd.ca.gov/CitizenAccess/Cap/CapDetail.aspx?Module=Permits&TabName=Permits&capID1=76HIS&capID2=00000&capID3=00006&agencyCode=OSHPD,39.1532974,-123.2028809
24 - Merced,Memorial Hospital Los Banos,Los Banos,https://esp.oshpd.ca.gov/CitizenAccess/Cap/CapDetail.aspx?Module=Permits&TabName=Permits&capID1=67HIS&capID2=00000&capID3=00001&agencyCode=OSHPD,37.0652962,-120.8584442
24 - Merced,Mercy Medical Center,Merced,https://esp.oshpd.ca.gov/CitizenAccess/Cap/CapDetail.aspx?Module=Permits&TabName=Permits&capID1=10HIS&capID2=00000&capID3=00404&agencyCode=OSHPD,37.3387648,-120.4667804
25 - Modoc,Modoc Medical Center,Alturas,https://esp.oshpd.ca.gov/CitizenAccess/Cap/CapDetail.aspx?Module=Permits&TabName=Permits&capID1=17CAP&capID2=00000&capID3=007MH&agencyCode=OSHPD,41.489166,-120.552917
25 - Modoc,Surprise Valley Community Hospital,Cedarville,https://esp.oshpd.ca.gov/CitizenAccess/Cap/CapDetail.aspx?Module=Permits&TabName=Permits&capID1=49HIS&capID2=00000&capID3=00012&agencyCode=OSHPD,41.53179,-120.171414
26 - Mono,Mammoth Hospital,Mammoth Lakes,https://esp.oshpd.ca.gov/CitizenAccess/Cap/CapDetail.aspx?Module=Permits&TabName=Permits&capID1=77HIS&capID2=00000&capID3=00006&agencyCode=OSHPD,37.6437923,-118.9639031
27 - Monterey,Community Hospital of the Monterey Peninsula,Monterey,https://esp.oshpd.ca.gov/CitizenAccess/Cap/CapDetail.aspx?Module=Permits&TabName=Permits&capID1=60HIS&capID2=00000&capID3=00024&agencyCode=OSHPD,36.578838,-121.913148
27 - Monterey,George L. Mee Memorial Hospital,King City,https://esp.oshpd.ca.gov/CitizenAccess/Cap/CapDetail.aspx?Module=Permits&TabName=Permits&capID1=62HIS&capID2=00000&capID3=00015&agencyCode=OSHPD,36.2060928,-121.132988
27 - Monterey,Natividad Medical Center,Salinas,https://esp.oshpd.ca.gov/CitizenAccess/Cap/CapDetail.aspx?Module=Permits&TabName=Permits&capID1=05HIS&capID2=00000&capID3=00035&agencyCode=OSHPD,36.6972984,-121.6288501
27 - Monterey,Salinas Valley Health Medical Center,Salinas,https://esp.oshpd.ca.gov/CitizenAccess/Cap/CapDetail.aspx?Module=Permits&TabName=Permits&capID1=53HIS&capID2=00000&capID3=00009&agencyCode=OSHPD,36.6590996,-121.6463013
28 - Napa,Adventist Health St. Helena,St. Helena,https://esp.oshpd.ca.gov/CitizenAccess/Cap/CapDetail.aspx?Module=Permits&TabName=Permits&capID1=94HIS&capID2=00000&capID3=00045&agencyCode=OSHPD,38.5437851,-122.4740067
28 - Napa,Providence Queen Of The Valley Medical Center,Napa,https://esp.oshpd.ca.gov/CitizenAccess/Cap/CapDetail.aspx?Module=Permits&TabName=Permits&capID1=57HIS&capID2=00000&capID3=00026&agencyCode=OSHPD,38.324688,-122.2967072
29 - Nevada,Sierra Nevada Memorial Hospital,Grass Valley,https://esp.oshpd.ca.gov/CitizenAccess/Cap/CapDetail.aspx?Module=Permits&TabName=Permits&capID1=58HIS&capID2=00000&capID3=00019&agencyCode=OSHPD,39.2280884,-121.0472031
29 - Nevada,Tahoe Forest Hospital,Truckee,https://esp.oshpd.ca.gov/CitizenAccess/Cap/CapDetail.aspx?Module=Permits&TabName=Permits&capID1=50HIS&capID2=00000&capID3=00014&agencyCode=OSHPD,39.3249245,-120.2008667
30 - Orange,AHMC Anaheim Regional Medical Center,Anaheim,https://esp.oshpd.ca.gov/CitizenAccess/Cap/CapDetail.aspx?Module=Permits&TabName=Permits&capID1=58HIS&capID2=00000&capID3=00020&agencyCode=OSHPD,33.8476105,-117.9358444
30 - Orange,"Anaheim Community Hospital, LLC",Anaheim,https://esp.oshpd.ca.gov/CitizenAccess/Cap/CapDetail.aspx?Module=Permits&TabName=Permits&capID1=65HIS&capID2=00000&capID3=00027&agencyCode=OSHPD,33.8155975,-118.0070343
30 - Orange,Anaheim Global Medical Center,Anaheim,https://esp.oshpd.ca.gov/CitizenAccess/Cap/CapDetail.aspx?Module=Permits&TabName=Permits&capID1=71HIS&capID2=00000&capID3=00039&agencyCode=OSHPD,33.8196602,-117.9096909
30 - Orange,Chapman Global Medical Center,Orange,https://esp.oshpd.ca.gov/CitizenAccess/Cap/CapDetail.aspx?Module=Permits&TabName=Permits&capID1=68HIS&capID2=00000&capID3=00068&agencyCode=OSHPD,33.788731,-117.826411
30 - Orange,Children's Hospital of Orange County,Orange,https://esp.oshpd.ca.gov/CitizenAccess/Cap/CapDetail.aspx?Module=Permits&TabName=Permits&capID1=91HIS&capID2=00000&capID3=00012&agencyCode=OSHPD,33.780739,-117.865466
30 - Orange,City of Hope National Medical Center Orange County,Irvine,https://esp.oshpd.ca.gov/CitizenAccess/Cap/CapDetail.aspx?Module=Permits&TabName=Permits&capID1=20CAP&capID2=00000&capID3=0074B&agencyCode=OSHPD,33.651562,-117.731001
30 - Orange,College Hospital Costa Mesa,Costa Mesa,https://esp.oshpd.ca.gov/CitizenAccess/Cap/CapDetail.aspx?Module=Permits&TabName=Permits&capID1=66HIS&capID2=00000&capID3=00032&agencyCode=OSHPD,33.6518936,-117.9119644
30 - Orange,Encompass Health Rehabilitation Hospital of Tustin,Tustin,https://esp.oshpd.ca.gov/CitizenAccess/Cap/CapDetail.aspx?Module=Permits&TabName=Permits&capID1=16CAP&capID2=00000&capID3=009WZ&agencyCode=OSHPD,33.705424,-117.806776
30 - Orange,Foothill Regional Medical Center,Tustin,https://esp.oshpd.ca.gov/CitizenAccess/Cap/CapDetail.aspx?Module=Permits&TabName=Permits&capID1=67HIS&capID2=00000&capID3=00016&agencyCode=OSHPD,33.7302628,-117.8283157
30 - Orange,Garden Grove Hospital and Medical Center,Garden Grove,https://esp.oshpd.ca.gov/CitizenAccess/Cap/CapDetail.aspx?Module=Permits&TabName=Permits&capID1=82HIS&capID2=00000&capID3=00040&agencyCode=OSHPD,33.7748528,-117.9132843
30 - Orange,Healthbridge Children's Hospital-Orange,Orange,https://esp.oshpd.ca.gov/CitizenAccess/Cap/CapDetail.aspx?Module=Permits&TabName=Permits&capID1=00HIS&capID2=00000&capID3=00083&agencyCode=OSHPD,33.7827988,-117.8339233
30 - Orange,Hoag Hospital Irvine,Irvine,https://esp.oshpd.ca.gov/CitizenAccess/Cap/CapDetail.aspx?Module=Permits&TabName=Permits&capID1=88HIS&capID2=00000&capID3=00004&agencyCode=OSHPD,33.6613007,-117.7720566
30 - Orange,Hoag Memorial Hospital Presbyterian,Newport Beach,https://esp.oshpd.ca.gov/CitizenAccess/Cap/CapDetail.aspx?Module=Permits&TabName=Permits&capID1=52HIS&capID2=00000&capID3=00018&agencyCode=OSHPD,33.6252686,-117.9295568
30 - Orange,Huntington Beach Hospital,Huntington Beach,https://esp.oshpd.ca.gov/CitizenAccess/Cap/CapDetail.aspx?Module=Permits&TabName=Permits&capID1=65HIS&capID2=00000&capID3=00044&agencyCode=OSHPD,33.703636,-117.986679
30 - Orange,Kaiser Foundation Hospital - Orange County - Anaheim,Anaheim,https://esp.oshpd.ca.gov/CitizenAccess/Cap/CapDetail.aspx?Module=Permits&TabName=Permits&capID1=11CAP&capID2=00000&capID3=002KS&agencyCode=OSHPD,33.852102,-117.844125
30 - Orange,Kaiser Foundation Hospital - Orange County - Irvine,Irvine,https://esp.oshpd.ca.gov/CitizenAccess/Cap/CapDetail.aspx?Module=Permits&TabName=Permits&capID1=08HIS&capID2=00000&capID3=00136&agencyCode=OSHPD,33.6569901,-117.7731628
30 - Orange,Kindred Hospital - Santa Ana,Santa Ana,https://esp.oshpd.ca.gov/CitizenAccess/Cap/CapDetail.aspx?Module=Permits&TabName=Permits&capID1=55HIS&capID2=00000&capID3=00027&agencyCode=OSHPD,33.762314,-117.891121
30 - Orange,Kindred Hospital Brea,Brea,https://esp.oshpd.ca.gov/CitizenAccess/Cap/CapDetail.aspx?Module=Permits&TabName=Permits&capID1=90HIS&capID2=00000&capID3=00059&agencyCode=OSHPD,33.9345245,-117.8939133
30 - Orange,Kindred Hospital Westminster,Westminster,https://esp.oshpd.ca.gov/CitizenAccess/Cap/CapDetail.aspx?Module=Permits&TabName=Permits&capID1=73HIS&capID2=00000&capID3=00041&agencyCode=OSHPD,33.7624227,-117.9952381
30 - Orange,La Palma Intercommunity Hospital,La Palma,https://esp.oshpd.ca.gov/CitizenAccess/Cap/CapDetail.aspx?Module=Permits&TabName=Permits&capID1=71HIS&capID2=00000&capID3=00037&agencyCode=OSHPD,33.8475227,-118.038414
30 - Orange,Memorialcare Orange Coast Medical Center,Fountain Valley,https://esp.oshpd.ca.gov/CitizenAccess/Cap/CapDetail.aspx?Module=Permits&TabName=Permits&capID1=86HIS&capID2=00000&capID3=00001&agencyCode=OSHPD,33.7016398,-117.9565445
30 - Orange,Memorialcare Saddleback Medical Center,Laguna Hills,https://esp.oshpd.ca.gov/CitizenAccess/Cap/CapDetail.aspx?Module=Permits&TabName=Permits&capID1=72HIS&capID2=00000&capID3=00037&agencyCode=OSHPD,33.6080454,-117.7082712
30 - Orange,Orange County Global Medical Center,Santa Ana,https://esp.oshpd.ca.gov/CitizenAccess/Cap/CapDetail.aspx?Module=Permits&TabName=Permits&capID1=72HIS&capID2=00000&capID3=00019&agencyCode=OSHPD,33.7536585,-117.8341627
30 - Orange,Providence Mission Hospital,Mission Viejo,https://esp.oshpd.ca.gov/CitizenAccess/Cap/CapDetail.aspx?Module=Permits&TabName=Permits&capID1=70HIS&capID2=00000&capID3=00012&agencyCode=OSHPD,33.5610161,-117.6652985
30 - Orange,Providence Mission Hospital - Laguna Beach,Laguna Beach,https://esp.oshpd.ca.gov/CitizenAccess/Cap/CapDetail.aspx?Module=Permits&TabName=Permits&capID1=59HIS&capID2=00000&capID3=00037&agencyCode=OSHPD,33.5005951,-117.7404938
30 - Orange,Providence St. Jude Medical Center,Fullerton,https://esp.oshpd.ca.gov/CitizenAccess/Cap/CapDetail.aspx?Module=Permits&TabName=Permits&capID1=56HIS&capID2=00000&capID3=00021&agencyCode=OSHPD,33.8946686,-117.9271851
30 - Orange,South Coast Global Medical Center,Santa Ana,https://esp.oshpd.ca.gov/CitizenAccess/Cap/CapDetail.aspx?Module=Permits&TabName=Permits&capID1=71HIS&capID2=00000&capID3=00038&agencyCode=OSHPD,33.7102623,-117.8848877
30 - Orange,UCI Health Rehabilitation Hospital,Irvine,https://esp.oshpd.ca.gov/CitizenAccess/Cap/CapDetail.aspx?Module=Permits&TabName=Permits&capID1=22CAP&capID2=00000&capID3=004SQ&agencyCode=OSHPD,33.682345,-117.850091
30 - Orange,UCI Health-Fountain Valley,Fountain Valley,https://esp.oshpd.ca.gov/CitizenAccess/Cap/CapDetail.aspx?Module=Permits&TabName=Permits&capID1=70HIS&capID2=00000&capID3=00014&agencyCode=OSHPD,33.7139854,-117.9343643
30 - Orange,UCI Health-Los Alamitos,Los Alamitos,https://esp.oshpd.ca.gov/CitizenAccess/Cap/CapDetail.aspx?Module=Permits&TabName=Permits&capID1=64HIS&capID2=00000&capID3=00051&agencyCode=OSHPD,33.8043938,-118.0666275
30 - Orange,UCI Health-Placentia Linda,Placentia,https://esp.oshpd.ca.gov/CitizenAccess/Cap/CapDetail.aspx?Module=Permits&TabName=Permits&capID1=71HIS&capID2=00000&capID3=00000&agencyCode=OSHPD,33.8867477,-117.8420873
30 - Orange,University of California Irvine Medical Center,Orange,https://esp.oshpd.ca.gov/CitizenAccess/Cap/CapDetail.aspx?Module=Permits&TabName=Permits&capID1=79HIS&capID2=00000&capID3=00039&agencyCode=OSHPD,33.7872532,-117.8906936
30 - Orange,University of California Irvine Medical Center - Irvine,Irvine,https://esp.oshpd.ca.gov/CitizenAccess/Cap/CapDetail.aspx?Module=Permits&TabName=Permits&capID1=20CAP&capID2=00000&capID3=00BXZ&agencyCode=OSHPD,33.662372,-117.85463
30 - Orange,West Anaheim Medical Center,Anaheim,https://esp.oshpd.ca.gov/CitizenAccess/Cap/CapDetail.aspx?Module=Permits&TabName=Permits&capID1=63HIS&capID2=00000&capID3=00032&agencyCode=OSHPD,33.8255768,-117.9949188
31 - Placer,Kaiser Foundation Hospital - Roseville,Roseville,https://esp.oshpd.ca.gov/CitizenAccess/Cap/CapDetail.aspx?Module=Permits&TabName=Permits&capID1=95HIS&capID2=00000&capID3=00004&agencyCode=OSHPD,38.7462654,-121.250061
31 - Placer,Sutter Auburn Faith Hospital,Auburn,https://esp.oshpd.ca.gov/CitizenAccess/Cap/CapDetail.aspx?Module=Permits&TabName=Permits&capID1=65HIS&capID2=00000&capID3=00023&agencyCode=OSHPD,38.9451599,-121.1018677
31 - Placer,Sutter Roseville Medical Center,Roseville,https://esp.oshpd.ca.gov/CitizenAccess/Cap/CapDetail.aspx?Module=Permits&TabName=Permits&capID1=98HIS&capID2=00000&capID3=00006&agencyCode=OSHPD,38.7651825,-121.2497864
32 - Plumas,Eastern Plumas Hospital-Portola Campus,Portola,https://esp.oshpd.ca.gov/CitizenAccess/Cap/CapDetail.aspx?Module=Permits&TabName=Permits&capID1=69HIS&capID2=00000&capID3=00031&agencyCode=OSHPD,39.8047562,-120.4591522
32 - Plumas,Plumas District Hospital,Quincy,https://esp.oshpd.ca.gov/CitizenAccess/Cap/CapDetail.aspx?Module=Permits&TabName=Permits&capID1=58HIS&capID2=00000&capID3=00016&agencyCode=OSHPD,39.9388695,-120.962326
32 - Plumas,Seneca District Hospital,Chester,https://esp.oshpd.ca.gov/CitizenAccess/Cap/CapDetail.aspx?Module=Permits&TabName=Permits&capID1=50HIS&capID2=00000&capID3=00009&agencyCode=OSHPD,40.3054684,-121.2339062
33 - Riverside,Corona Regional Medical Center,Corona,https://esp.oshpd.ca.gov/CitizenAccess/Cap/CapDetail.aspx?Module=Permits&TabName=Permits&capID1=68HIS&capID2=00000&capID3=00039&agencyCode=OSHPD,33.8729897,-117.5685425
33 - Riverside,Desert Regional Medical Center,Palm Springs,https://esp.oshpd.ca.gov/CitizenAccess/Cap/CapDetail.aspx?Module=Permits&TabName=Permits&capID1=51HIS&capID2=00000&capID3=00014&agencyCode=OSHPD,33.8384049,-116.5455457
33 - Riverside,Doctors Hospital Of Riverside,Riverside,https://esp.oshpd.ca.gov/CitizenAccess/Cap/CapDetail.aspx?Module=Permits&TabName=Permits&capID1=57HIS&capID2=00000&capID3=00023&agencyCode=OSHPD,33.9279747,-117.4384689
33 - Riverside,Eisenhower Medical Center,Rancho Mirage,https://esp.oshpd.ca.gov/CitizenAccess/Cap/CapDetail.aspx?Module=Permits&TabName=Permits&capID1=76HIS&capID2=00000&capID3=00021&agencyCode=OSHPD,33.7646523,-116.4055557
33 - Riverside,Encompass Health Rehabilitation Hospital of Murrieta,Murrieta,https://esp.oshpd.ca.gov/CitizenAccess/Cap/CapDetail.aspx?Module=Permits&TabName=Permits&capID1=14CAP&capID2=00000&capID3=007F7&agencyCode=OSHPD,33.6073,-117.1627
33 - Riverside,Hemet Global Medical Center,Hemet,https://esp.oshpd.ca.gov/CitizenAccess/Cap/CapDetail.aspx?Module=Permits&TabName=Permits&capID1=42HIS&capID2=00000&capID3=00003&agencyCode=OSHPD,33.7503204,-116.9600372
33 - Riverside,John F. Kennedy Memorial Hospital,Indio,https://esp.oshpd.ca.gov/CitizenAccess/Cap/CapDetail.aspx?Module=Permits&TabName=Permits&capID1=66HIS&capID2=00000&capID3=00018&agencyCode=OSHPD,33.7061195,-116.2371445
33 - Riverside,Kaiser Foundation Hospital - Moreno Valley,Moreno Valley,https://esp.oshpd.ca.gov/CitizenAccess/Cap/CapDetail.aspx?Module=Permits&TabName=Permits&capID1=92HIS&capID2=00000&capID3=00003&agencyCode=OSHPD,33.8974037,-117.1860275
33 - Riverside,Kaiser Foundation Hospital - Riverside,Riverside,https://esp.oshpd.ca.gov/CitizenAccess/Cap/CapDetail.aspx?Module=Permits&TabName=Permits&capID1=89HIS&capID2=00000&capID3=00002&agencyCode=OSHPD,33.9063949,-117.4708086
33 - Riverside,Kindred Hospital Riverside,Perris,https://esp.oshpd.ca.gov/CitizenAccess/Cap/CapDetail.aspx?Module=Permits&TabName=Permits&capID1=73HIS&capID2=00000&capID3=00028&agencyCode=OSHPD,33.8122063,-117.2227402
33 - Riverside,Loma Linda University Medical Center - Murrieta,Murrieta,https://esp.oshpd.ca.gov/CitizenAccess/Cap/CapDetail.aspx?Module=Permits&TabName=Permits&capID1=13CAP&capID2=00000&capID3=003SY&agencyCode=OSHPD,33.6129264,-117.1671872
33 - Riverside,Menifee Global Medical Center,Sun City,https://esp.oshpd.ca.gov/CitizenAccess/Cap/CapDetail.aspx?Module=Permits&TabName=Permits&capID1=89HIS&capID2=00000&capID3=00008&agencyCode=OSHPD,33.7178323,-117.167853
33 - Riverside,Palo Verde Hospital,Blythe,https://esp.oshpd.ca.gov/CitizenAccess/Cap/CapDetail.aspx?Module=Permits&TabName=Permits&capID1=37HIS&capID2=00000&capID3=00003&agencyCode=OSHPD,33.6130524,-114.5951157
33 - Riverside,Rehabilitation Hospital Of Southern California,Rancho Mirage,https://esp.oshpd.ca.gov/CitizenAccess/Cap/CapDetail.aspx?Module=Permits&TabName=Permits&capID1=12CAP&capID2=00000&capID3=005NE&agencyCode=OSHPD,33.8158657,-116.4397258
33 - Riverside,Riverside Community Hospital,Riverside,https://esp.oshpd.ca.gov/CitizenAccess/Cap/CapDetail.aspx?Module=Permits&TabName=Permits&capID1=23HIS&capID2=00000&capID3=00000&agencyCode=OSHPD,33.9765587,-117.3814697
33 - Riverside,Riverside University Health System - Medical Center,Moreno Valley,https://esp.oshpd.ca.gov/CitizenAccess/Cap/CapDetail.aspx?Module=Permits&TabName=Permits&capID1=00HIS&capID2=00000&capID3=00062&agencyCode=OSHPD,33.9101547,-117.1954711
33 - Riverside,San Gorgonio Memorial Hospital,Banning,https://esp.oshpd.ca.gov/CitizenAccess/Cap/CapDetail.aspx?Module=Permits&TabName=Permits&capID1=50HIS&capID2=00000&capID3=00011&agencyCode=OSHPD,33.931839,-116.9456787
33 - Riverside,Southwest Healthcare Inland Valley Hospital,Wildomar,https://esp.oshpd.ca.gov/CitizenAccess/Cap/CapDetail.aspx?Module=Permits&TabName=Permits&capID1=87HIS&capID2=00000&capID3=00007&agencyCode=OSHPD,33.5914612,-117.2380066
33 - Riverside,Southwest Healthcare Rancho Springs Hospital,Murrieta,https://esp.oshpd.ca.gov/CitizenAccess/Cap/CapDetail.aspx?Module=Permits&TabName=Permits&capID1=85HIS&capID2=00000&capID3=00002&agencyCode=OSHPD,33.5587616,-117.1833115
33 - Riverside,Temecula Valley Hospital,Temecula,https://esp.oshpd.ca.gov/CitizenAccess/Cap/CapDetail.aspx?Module=Permits&TabName=Permits&capID1=11CAP&capID2=00000&capID3=0026G&agencyCode=OSHPD,33.4795884,-117.1047735
34 - Sacramento,California Northstate University Medical Center,Sacramento,https://esp.oshpd.ca.gov/CitizenAccess/Cap/CapDetail.aspx?Module=Permits&TabName=Permits&capID1=19CAP&capID2=00000&capID3=006V9&agencyCode=OSHPD,38.6491,-121.518087
34 - Sacramento,Kaiser Foundation Hospital - Sacramento,Sacramento,https://esp.oshpd.ca.gov/CitizenAccess/Cap/CapDetail.aspx?Module=Permits&TabName=Permits&capID1=61HIS&capID2=00000&capID3=00016&agencyCode=OSHPD,38.6014175,-121.3941193
34 - Sacramento,Kaiser Foundation Hospital - South Sacramento,Sacramento,https://esp.oshpd.ca.gov/CitizenAccess/Cap/CapDetail.aspx?Module=Permits&TabName=Permits&capID1=84HIS&capID2=00000&capID3=00002&agencyCode=OSHPD,38.4695854,-121.4194641
34 - Sacramento,Kaiser Foundation Hospital Sacramento,Sacramento,https://esp.oshpd.ca.gov/CitizenAccess/Cap/CapDetail.aspx?Module=Permits&TabName=Permits&capID1=18CAP&capID2=00000&capID3=00BAX&agencyCode=OSHPD,38.590349,-121.501579
34 - Sacramento,Mercy General Hospital,Sacramento,https://esp.oshpd.ca.gov/CitizenAccess/Cap/CapDetail.aspx?Module=Permits&TabName=Permits&capID1=25HIS&capID2=00000&capID3=00003&agencyCode=OSHPD,38.5705261,-121.4521561
34 - Sacramento,Mercy Hospital Of Folsom,Folsom,https://esp.oshpd.ca.gov/CitizenAccess/Cap/CapDetail.aspx?Module=Permits&TabName=Permits&capID1=98HIS&capID2=00000&capID3=00002&agencyCode=OSHPD,38.6702805,-121.1455231
34 - Sacramento,Mercy San Juan Medical Center,Carmichael,https://esp.oshpd.ca.gov/CitizenAccess/Cap/CapDetail.aspx?Module=Permits&TabName=Permits&capID1=68HIS&capID2=00000&capID3=00041&agencyCode=OSHPD,38.6695061,-121.3137817
34 - Sacramento,Methodist Hospital of Sacramento,Sacramento,https://esp.oshpd.ca.gov/CitizenAccess/Cap/CapDetail.aspx?Module=Permits&TabName=Permits&capID1=71HIS&capID2=00000&capID3=00034&agencyCode=OSHPD,38.4620781,-121.4165726
34 - Sacramento,Sacramento Rehabilitation Hospital,Sacramento,https://esp.oshpd.ca.gov/CitizenAccess/Cap/CapDetail.aspx?Module=Permits&TabName=Permits&capID1=18CAP&capID2=00000&capID3=0037R&agencyCode=OSHPD,38.651674,-121.529181
34 - Sacramento,Shriners Hospitals For Children Northern California,Sacramento,https://esp.oshpd.ca.gov/CitizenAccess/Cap/CapDetail.aspx?Module=Permits&TabName=Permits&capID1=00HIS&capID2=00000&capID3=00064&agencyCode=OSHPD,38.5528258,-121.4561514
34 - Sacramento,"Sutter Medical Center, Sacramento",Sacramento,https://esp.oshpd.ca.gov/CitizenAccess/Cap/CapDetail.aspx?Module=Permits&TabName=Permits&capID1=86HIS&capID2=00000&capID3=00015&agencyCode=OSHPD,38.5720177,-121.4692535
34 - Sacramento,UC Davis Rehabilitation Hospital,Sacramento,https://esp.oshpd.ca.gov/CitizenAccess/Cap/CapDetail.aspx?Module=Permits&TabName=Permits&capID1=19CAP&capID2=00000&capID3=00261&agencyCode=OSHPD,38.547404,-121.451234
34 - Sacramento,University of California Davis Medical Center,Sacramento,https://esp.oshpd.ca.gov/CitizenAccess/Cap/CapDetail.aspx?Module=Permits&TabName=Permits&capID1=28HIS&capID2=00000&capID3=00006&agencyCode=OSHPD,38.5541146,-121.4572162
34 - Sacramento,Vibra Hospital of Sacramento,Folsom,https://esp.oshpd.ca.gov/CitizenAccess/Cap/CapDetail.aspx?Module=Permits&TabName=Permits&capID1=73HIS&capID2=00000&capID3=00276&agencyCode=OSHPD,38.6819514,-121.1578529
35 - San Benito,Hazel Hawkins Memorial Hospital,Hollister,https://esp.oshpd.ca.gov/CitizenAccess/Cap/CapDetail.aspx?Module=Permits&TabName=Permits&capID1=60HIS&capID2=00000&capID3=00022&agencyCode=OSHPD,36.8350527,-121.386422
36 - San Bernardino,Arrowhead Regional Medical Center,Colton,https://esp.oshpd.ca.gov/CitizenAccess/Cap/CapDetail.aspx?Module=Permits&TabName=Permits&capID1=00HIS&capID2=00000&capID3=00035&agencyCode=OSHPD,34.072016,-117.3527732
36 - San Bernardino,Ballard Rehabilitation Hospital,San Bernardino,https://esp.oshpd.ca.gov/CitizenAccess/Cap/CapDetail.aspx?Module=Permits&TabName=Permits&capID1=93HIS&capID2=00000&capID3=00006&agencyCode=OSHPD,34.1293182,-117.3254547
36 - San Bernardino,Barstow Community Hospital,Barstow,https://esp.oshpd.ca.gov/CitizenAccess/Cap/CapDetail.aspx?Module=Permits&TabName=Permits&capID1=11CAP&capID2=00000&capID3=00332&agencyCode=OSHPD,34.8923874,-117.017067
36 - San Bernardino,Bear Valley Community Hospital,Big Bear Lake,https://esp.oshpd.ca.gov/CitizenAccess/Cap/CapDetail.aspx?Module=Permits&TabName=Permits&capID1=72HIS&capID2=00000&capID3=00031&agencyCode=OSHPD,34.246588,-116.888357
36 - San Bernardino,Chino Valley Medical Center,Chino,https://esp.oshpd.ca.gov/CitizenAccess/Cap/CapDetail.aspx?Module=Permits&TabName=Permits&capID1=71HIS&capID2=00000&capID3=00041&agencyCode=OSHPD,34.0256157,-117.6859436
36 - San Bernardino,Colorado River Medical Center,Needles,https://esp.oshpd.ca.gov/CitizenAccess/Cap/CapDetail.aspx?Module=Permits&TabName=Permits&capID1=73HIS&capID2=00000&capID3=00045&agencyCode=OSHPD,34.8330022,-114.6182652
36 - San Bernardino,Community Hospital of San Bernardino,San Bernardino,https://esp.oshpd.ca.gov/CitizenAccess/Cap/CapDetail.aspx?Module=Permits&TabName=Permits&capID1=58HIS&capID2=00000&capID3=00026&agencyCode=OSHPD,34.1316234,-117.3225112
36 - San Bernardino,Desert Valley Hospital,Victorville,https://esp.oshpd.ca.gov/CitizenAccess/Cap/CapDetail.aspx?Module=Permits&TabName=Permits&capID1=94HIS&capID2=00000&capID3=00028&agencyCode=OSHPD,34.4703064,-117.2994614
36 - San Bernardino,Hi-Desert Medical Center,Joshua Tree,https://esp.oshpd.ca.gov/CitizenAccess/Cap/CapDetail.aspx?Module=Permits&TabName=Permits&capID1=76HIS&capID2=00000&capID3=00005&agencyCode=OSHPD,34.1307526,-116.2750244
36 - San Bernardino,Kaiser Foundation Hospital - Fontana,Fontana,https://esp.oshpd.ca.gov/CitizenAccess/Cap/CapDetail.aspx?Module=Permits&TabName=Permits&capID1=71HIS&capID2=00000&capID3=00046&agencyCode=OSHPD,34.0733799,-117.4356213
36 - San Bernardino,Kaiser Foundation Hospital - Ontario,Ontario,https://esp.oshpd.ca.gov/CitizenAccess/Cap/CapDetail.aspx?Module=Permits&TabName=Permits&capID1=11CAP&capID2=00000&capID3=001K3&agencyCode=OSHPD,34.0324593,-117.6087418
36 - San Bernardino,Kindred Hospital Ontario,Ontario,https://esp.oshpd.ca.gov/CitizenAccess/Cap/CapDetail.aspx?Module=Permits&TabName=Permits&capID1=50HIS&capID2=00000&capID3=00013&agencyCode=OSHPD,34.0688355,-117.6436655
36 - San Bernardino,Kindred Hospital Rancho,Rancho Cucamonga,https://esp.oshpd.ca.gov/CitizenAccess/Cap/CapDetail.aspx?Module=Permits&TabName=Permits&capID1=90HIS&capID2=00000&capID3=00072&agencyCode=OSHPD,34.1036873,-117.5662231
36 - San Bernardino,Loma Linda University Medical Center,Loma Linda,https://esp.oshpd.ca.gov/CitizenAccess/Cap/CapDetail.aspx?Module=Permits&TabName=Permits&capID1=67HIS&capID2=00000&capID3=00023&agencyCode=OSHPD,34.0491374,-117.2611718
36 - San Bernardino,Loma Linda University Medical Center East Campus Hospital,Loma Linda,https://esp.oshpd.ca.gov/CitizenAccess/Cap/CapDetail.aspx?Module=Permits&TabName=Permits&capID1=73HIS&capID2=00000&capID3=00029&agencyCode=OSHPD,34.047153,-117.251221
36 - San Bernardino,Loma Linda University Surgical Hospital,Redlands,https://esp.oshpd.ca.gov/CitizenAccess/Cap/CapDetail.aspx?Module=Permits&TabName=Permits&capID1=11CAP&capID2=00000&capID3=004JY&agencyCode=OSHPD,34.0489349,-117.2199554
36 - San Bernardino,Montclair Hospital Medical Center,Montclair,https://esp.oshpd.ca.gov/CitizenAccess/Cap/CapDetail.aspx?Module=Permits&TabName=Permits&capID1=71HIS&capID2=00000&capID3=00030&agencyCode=OSHPD,34.0786209,-117.695816
36 - San Bernardino,Mountains Community Hospital,Lake Arrowhead,https://esp.oshpd.ca.gov/CitizenAccess/Cap/CapDetail.aspx?Module=Permits&TabName=Permits&capID1=51HIS&capID2=00000&capID3=00015&agencyCode=OSHPD,34.2654533,-117.1685104
36 - San Bernardino,Providence St. Mary Medical Center,Apple Valley,https://esp.oshpd.ca.gov/CitizenAccess/Cap/CapDetail.aspx?Module=Permits&TabName=Permits&capID1=55HIS&capID2=00000&capID3=00023&agencyCode=OSHPD,34.5418854,-117.2655716
36 - San Bernardino,Redlands Community Hospital,Redlands,https://esp.oshpd.ca.gov/CitizenAccess/Cap/CapDetail.aspx?Module=Permits&TabName=Permits&capID1=28HIS&capID2=00000&capID3=00007&agencyCode=OSHPD,34.0379677,-117.2068176
36 - San Bernardino,San Antonio Regional Hospital,Upland,https://esp.oshpd.ca.gov/CitizenAccess/Cap/CapDetail.aspx?Module=Permits&TabName=Permits&capID1=24HIS&capID2=00000&capID3=00004&agencyCode=OSHPD,34.1020012,-117.6375198
36 - San Bernardino,St. Bernardine Medical Center,San Bernardino,https://esp.oshpd.ca.gov/CitizenAccess/Cap/CapDetail.aspx?Module=Permits&TabName=Permits&capID1=31HIS&capID2=00000&capID3=00000&agencyCode=OSHPD,34.1341976,-117.2787054
36 - San Bernardino,Totally Kids Rehabilitation Hospital,Loma Linda,https://esp.oshpd.ca.gov/CitizenAccess/Cap/CapDetail.aspx?Module=Permits&TabName=Permits&capID1=73HIS&capID2=00000&capID3=01562&agencyCode=OSHPD,34.0697174,-117.2448044
36 - San Bernardino,Victor Valley Global Medical Center,Victorville,https://esp.oshpd.ca.gov/CitizenAccess/Cap/CapDetail.aspx?Module=Permits&TabName=Permits&capID1=82HIS&capID2=00000&capID3=00028&agencyCode=OSHPD,34.528168,-117.293938
37 - San Diego,Grossmont Hospital,La Mesa,https://esp.oshpd.ca.gov/CitizenAccess/Cap/CapDetail.aspx?Module=Permits&TabName=Permits&capID1=90HIS&capID2=00000&capID3=00047&agencyCode=OSHPD,32.7809219,-117.0071487
37 - San Diego,Kaiser Foundation Hospital - San Diego,San Diego,https://esp.oshpd.ca.gov/CitizenAccess/Cap/CapDetail.aspx?Module=Permits&TabName=Permits&capID1=73HIS&capID2=00000&capID3=00161&agencyCode=OSHPD,32.831403,-117.124657
37 - San Diego,Kaiser Foundation Hospital - San Marcos,San Marcos,https://esp.oshpd.ca.gov/CitizenAccess/Cap/CapDetail.aspx?Module=Permits&TabName=Permits&capID1=19CAP&capID2=00000&capID3=007UL&agencyCode=OSHPD,33.130035,-117.167875
37 - San Diego,Kaiser Foundation Hospital - Zion,San Diego,https://esp.oshpd.ca.gov/CitizenAccess/Cap/CapDetail.aspx?Module=Permits&TabName=Permits&capID1=73HIS&capID2=00000&capID3=00003&agencyCode=OSHPD,32.7913246,-117.0952377
37 - San Diego,Kindred Hospital - San Diego,San Diego,https://esp.oshpd.ca.gov/CitizenAccess/Cap/CapDetail.aspx?Module=Permits&TabName=Permits&capID1=59HIS&capID2=00000&capID3=00025&agencyCode=OSHPD,32.7561684,-117.1443558
37 - San Diego,Palomar Medical Center,Escondido,https://esp.oshpd.ca.gov/CitizenAccess/Cap/CapDetail.aspx?Module=Permits&TabName=Permits&capID1=11CAP&capID2=00000&capID3=0019D&agencyCode=OSHPD,33.1220474,-117.1203918
37 - San Diego,Palomar Medical Center Poway,Poway,https://esp.oshpd.ca.gov/CitizenAccess/Cap/CapDetail.aspx?Module=Permits&TabName=Permits&capID1=75HIS&capID2=00000&capID3=00011&agencyCode=OSHPD,32.9958373,-117.0578925
37 - San Diego,Palomar Rehabilitation Institute,Escondido,https://esp.oshpd.ca.gov/CitizenAccess/Cap/CapDetail.aspx?Module=Permits&TabName=Permits&capID1=17CAP&capID2=00000&capID3=006FY&agencyCode=OSHPD,33.120216,-117.121107
37 - San Diego,Paradise Valley Hospital,National City,https://esp.oshpd.ca.gov/CitizenAccess/Cap/CapDetail.aspx?Module=Permits&TabName=Permits&capID1=64HIS&capID2=00000&capID3=00046&agencyCode=OSHPD,32.683949,-117.081635
37 - San Diego,Rady Children's Hospital - San Diego,San Diego,https://esp.oshpd.ca.gov/CitizenAccess/Cap/CapDetail.aspx?Module=Permits&TabName=Permits&capID1=59HIS&capID2=00000&capID3=00023&agencyCode=OSHPD,32.7975892,-117.1508317
37 - San Diego,Scripps Green Hospital,La Jolla,https://esp.oshpd.ca.gov/CitizenAccess/Cap/CapDetail.aspx?Module=Permits&TabName=Permits&capID1=74HIS&capID2=00000&capID3=00001&agencyCode=OSHPD,32.8963547,-117.2426147
37 - San Diego,Scripps Memorial Hospital - Encinitas,Encinitas,https://esp.oshpd.ca.gov/CitizenAccess/Cap/CapDetail.aspx?Module=Permits&TabName=Permits&capID1=60HIS&capID2=00000&capID3=00033&agencyCode=OSHPD,33.0362568,-117.2842529
37 - San Diego,Scripps Memorial Hospital - La Jolla,La Jolla,https://esp.oshpd.ca.gov/CitizenAccess/Cap/CapDetail.aspx?Module=Permits&TabName=Permits&capID1=63HIS&capID2=00000&capID3=00015&agencyCode=OSHPD,32.8851599,-117.2227914
37 - San Diego,Scripps Mercy Hospital,San Diego,https://esp.oshpd.ca.gov/CitizenAccess/Cap/CapDetail.aspx?Module=Permits&TabName=Permits&capID1=63HIS&capID2=00000&capID3=00023&agencyCode=OSHPD,32.7513428,-117.1576843
37 - San Diego,Scripps Mercy Hospital Chula Vista,Chula Vista,https://esp.oshpd.ca.gov/CitizenAccess/Cap/CapDetail.aspx?Module=Permits&TabName=Permits&capID1=61HIS&capID2=00000&capID3=00024&agencyCode=OSHPD,32.6337547,-117.0831528
37 - San Diego,Select Specialty Hospital - San Diego,San Diego,https://esp.oshpd.ca.gov/CitizenAccess/Cap/CapDetail.aspx?Module=Permits&TabName=Permits&capID1=92HIS&capID2=00000&capID3=00005&agencyCode=OSHPD,32.7492828,-117.1599197
37 - San Diego,Sharp Chula Vista Medical Center,Chula Vista,https://esp.oshpd.ca.gov/CitizenAccess/Cap/CapDetail.aspx?Module=Permits&TabName=Permits&capID1=72HIS&capID2=00000&capID3=00017&agencyCode=OSHPD,32.6189003,-117.0226822
37 - San Diego,Sharp Coronado Hospital and Healthcare Center,Coronado,https://esp.oshpd.ca.gov/CitizenAccess/Cap/CapDetail.aspx?Module=Permits&TabName=Permits&capID1=68HIS&capID2=00000&capID3=00060&agencyCode=OSHPD,32.6942524,-117.1679898
37 - San Diego,Sharp Mary Birch Hospital For Women And Newborns,San Diego,https://esp.oshpd.ca.gov/CitizenAccess/Cap/CapDetail.aspx?Module=Permits&TabName=Permits&capID1=95HIS&capID2=00000&capID3=00106&agencyCode=OSHPD,32.7986345,-117.1560299
37 - San Diego,Sharp Memorial Hospital,San Diego,https://esp.oshpd.ca.gov/CitizenAccess/Cap/CapDetail.aspx?Module=Permits&TabName=Permits&capID1=73HIS&capID2=00000&capID3=00033&agencyCode=OSHPD,32.8002452,-117.1551568
37 - San Diego,Tri-City Medical Center,Oceanside,https://esp.oshpd.ca.gov/CitizenAccess/Cap/CapDetail.aspx?Module=Permits&TabName=Permits&capID1=60HIS&capID2=00000&capID3=00016&agencyCode=OSHPD,33.1837005,-117.2928192
37 - San Diego,UC San Diego Health - East Campus Medical Center,San Diego,https://esp.oshpd.ca.gov/CitizenAccess/Cap/CapDetail.aspx?Module=Permits&TabName=Permits&capID1=71HIS&capID2=00000&capID3=00024&agencyCode=OSHPD,32.7763214,-117.0572968
37 - San Diego,UC San Diego Health Hillcrest - Hillcrest Medical Center,San Diego,https://esp.oshpd.ca.gov/CitizenAccess/Cap/CapDetail.aspx?Module=Permits&TabName=Permits&capID1=59HIS&capID2=00000&capID3=00026&agencyCode=OSHPD,32.7538215,-117.165144
37 - San Diego,UC San Diego Health La Jolla - Jacobs Medical Center & Sulpizio Cardiovascular Center,La Jolla,https://esp.oshpd.ca.gov/CitizenAccess/Cap/CapDetail.aspx?Module=Permits&TabName=Permits&capID1=91HIS&capID2=00000&capID3=00057&agencyCode=OSHPD,32.8797432,-117.2238784
38 - San Francisco,California Pacific Medical Center - Davies Campus Hospital,San Francisco,https://esp.oshpd.ca.gov/CitizenAccess/Cap/CapDetail.aspx?Module=Permits&TabName=Permits&capID1=64HIS&capID2=00000&capID3=00019&agencyCode=OSHPD,37.768225,-122.434588
38 - San Francisco,California Pacific Medical Center - Mission Bernal Campus,San Francisco,https://esp.oshpd.ca.gov/CitizenAccess/Cap/CapDetail.aspx?Module=Permits&TabName=Permits&capID1=73HIS&capID2=00000&capID3=00538&agencyCode=OSHPD,37.7471657,-122.4208527
38 - San Francisco,California Pacific Medical Center - Van Ness Campus,San Francisco,https://esp.oshpd.ca.gov/CitizenAccess/Cap/CapDetail.aspx?Module=Permits&TabName=Permits&capID1=73HIS&capID2=00000&capID3=00534&agencyCode=OSHPD,37.7859802,-122.4223328
38 - San Francisco,Chinese Hospital,San Francisco,https://esp.oshpd.ca.gov/CitizenAccess/Cap/CapDetail.aspx?Module=Permits&TabName=Permits&capID1=80HIS&capID2=00000&capID3=00496&agencyCode=OSHPD,37.7956704,-122.4091771
38 - San Francisco,Kaiser Foundation Hospital - San Francisco,San Francisco,https://esp.oshpd.ca.gov/CitizenAccess/Cap/CapDetail.aspx?Module=Permits&TabName=Permits&capID1=52HIS&capID2=00000&capID3=00008&agencyCode=OSHPD,37.7823219,-122.4432297
38 - San Francisco,Laguna Honda Hospital & Rehabilitation Center,San Francisco,https://esp.oshpd.ca.gov/CitizenAccess/Cap/CapDetail.aspx?Module=Permits&TabName=Permits&capID1=73HIS&capID2=00000&capID3=00537&agencyCode=OSHPD,37.7475858,-122.4587511
38 - San Francisco,Priscilla Chan And Mark Zuckerberg San Francisco General Hospital And Trauma Center,San Francisco,https://esp.oshpd.ca.gov/CitizenAccess/Cap/CapDetail.aspx?Module=Permits&TabName=Permits&capID1=74HIS&capID2=00000&capID3=00021&agencyCode=OSHPD,37.7556381,-122.4050903
38 - San Francisco,UCSF Health - Saint Francis Hospital,San Francisco,https://esp.oshpd.ca.gov/CitizenAccess/Cap/CapDetail.aspx?Module=Permits&TabName=Permits&capID1=68HIS&capID2=00000&capID3=00023&agencyCode=OSHPD,37.7896309,-122.4165192
38 - San Francisco,UCSF Health - St. Mary's Hospital,San Francisco,https://esp.oshpd.ca.gov/CitizenAccess/Cap/CapDetail.aspx?Module=Permits&TabName=Permits&capID1=71HIS&capID2=00000&capID3=00042&agencyCode=OSHPD,37.7737024,-122.4544012
38 - San Francisco,UCSF Medical Center,San Francisco,https://esp.oshpd.ca.gov/CitizenAccess/Cap/CapDetail.aspx?Module=Permits&TabName=Permits&capID1=55HIS&capID2=00000&capID3=00011&agencyCode=OSHPD,37.763106,-122.457822
38 - San Francisco,UCSF Medical Center At Mission Bay,San Francisco,https://esp.oshpd.ca.gov/CitizenAccess/Cap/CapDetail.aspx?Module=Permits&TabName=Permits&capID1=12CAP&capID2=00000&capID3=005NG&agencyCode=OSHPD,37.766874,-122.390852
38 - San Francisco,UCSF Medical Center at Mount Zion,San Francisco,https://esp.oshpd.ca.gov/CitizenAccess/Cap/CapDetail.aspx?Module=Permits&TabName=Permits&capID1=49HIS&capID2=00000&capID3=00009&agencyCode=OSHPD,37.784893,-122.4389267
39 - San Joaquin,Adventist Health Lodi Memorial,Lodi,https://esp.oshpd.ca.gov/CitizenAccess/Cap/CapDetail.aspx?Module=Permits&TabName=Permits&capID1=52HIS&capID2=00000&capID3=00016&agencyCode=OSHPD,38.1205101,-121.2877579
39 - San Joaquin,Dameron Hospital,Stockton,https://esp.oshpd.ca.gov/CitizenAccess/Cap/CapDetail.aspx?Module=Permits&TabName=Permits&capID1=87HIS&capID2=00000&capID3=00027&agencyCode=OSHPD,37.9612586,-121.3007066
39 - San Joaquin,Doctors Hospital of Manteca,Manteca,https://esp.oshpd.ca.gov/CitizenAccess/Cap/CapDetail.aspx?Module=Permits&TabName=Permits&capID1=62HIS&capID2=00000&capID3=00019&agencyCode=OSHPD,37.8015862,-121.1975174
39 - San Joaquin,Kaiser Foundation Hospital - Manteca,Manteca,https://esp.oshpd.ca.gov/CitizenAccess/Cap/CapDetail.aspx?Module=Permits&TabName=Permits&capID1=94HIS&capID2=00000&capID3=00000&agencyCode=OSHPD,37.7980576,-121.2462006
39 - San Joaquin,San Joaquin General Hospital,French Camp,https://esp.oshpd.ca.gov/CitizenAccess/Cap/CapDetail.aspx?Module=Permits&TabName=Permits&capID1=97HIS&capID2=00000&capID3=00022&agencyCode=OSHPD,37.8866386,-121.2829971
39 - San Joaquin,St. Joseph's Medical Center of Stockton,Stockton,https://esp.oshpd.ca.gov/CitizenAccess/Cap/CapDetail.aspx?Module=Permits&TabName=Permits&capID1=16HIS&capID2=00000&capID3=00000&agencyCode=OSHPD,37.9706078,-121.2882156
39 - San Joaquin,Stockton Regional Rehabilitation Hospital,Stockton,https://esp.oshpd.ca.gov/CitizenAccess/Cap/CapDetail.aspx?Module=Permits&TabName=Permits&capID1=17CAP&capID2=00000&capID3=007UK&agencyCode=OSHPD,37.964875,-121.284694
39 - San Joaquin,Sutter Tracy Community Hospital,Tracy,https://esp.oshpd.ca.gov/CitizenAccess/Cap/CapDetail.aspx?Module=Permits&TabName=Permits&capID1=47HIS&capID2=00000&capID3=00004&agencyCode=OSHPD,37.743866,-121.4339905
40 - San Luis Obispo,Adventist Health Sierra Vista,San Luis Obispo,https://esp.oshpd.ca.gov/CitizenAccess/Cap/CapDetail.aspx?Module=Permits&TabName=Permits&capID1=46HIS&capID2=00000&capID3=00000&agencyCode=OSHPD,35.2921181,-120.6660004
40 - San Luis Obispo,Adventist Health Twin Cities,Templeton,https://esp.oshpd.ca.gov/CitizenAccess/Cap/CapDetail.aspx?Module=Permits&TabName=Permits&capID1=77HIS&capID2=00000&capID3=00005&agencyCode=OSHPD,35.5553551,-120.720665
40 - San Luis Obispo,Dignity Health Central Coast Rehabilitation Hospital,Arroyo Grande,https://esp.oshpd.ca.gov/CitizenAccess/Cap/CapDetail.aspx?Module=Permits&TabName=Permits&capID1=23CAP&capID2=00000&capID3=00A9C&agencyCode=OSHPD,35.114257,-120.59008
40 - San Luis Obispo,French Hospital Medical Center,San Luis Obispo,https://esp.oshpd.ca.gov/CitizenAccess/Cap/CapDetail.aspx?Module=Permits&TabName=Permits&capID1=71HIS&capID2=00000&capID3=00029&agencyCode=OSHPD,35.2779935,-120.6496936
40 - San Luis Obispo,"Marian Regional Medical Center, Arroyo Grande",Arroyo Grande,https://esp.oshpd.ca.gov/CitizenAccess/Cap/CapDetail.aspx?Module=Permits&TabName=Permits&capID1=76HIS&capID2=00000&capID3=00044&agencyCode=OSHPD,35.1134605,-120.590538
41 - San Mateo,AHMC Seton Medical Center,Daly City,https://esp.oshpd.ca.gov/CitizenAccess/Cap/CapDetail.aspx?Module=Permits&TabName=Permits&capID1=63HIS&capID2=00000&capID3=00012&agencyCode=OSHPD,37.6796951,-122.4743729
41 - San Mateo,Kaiser Foundation Hospital - Redwood City,Redwoord City,https://esp.oshpd.ca.gov/CitizenAccess/Cap/CapDetail.aspx?Module=Permits&TabName=Permits&capID1=73HIS&capID2=00000&capID3=00287&agencyCode=OSHPD,37.489127,-122.225155
41 - San Mateo,Kaiser Foundation Hospital - South San Francisco,South San Francisco,https://esp.oshpd.ca.gov/CitizenAccess/Cap/CapDetail.aspx?Module=Permits&TabName=Permits&capID1=75HIS&capID2=00000&capID3=00004&agencyCode=OSHPD,37.659336,-122.439209
41 - San Mateo,Mills-Peninsula Medical Center,Burlingame,https://esp.oshpd.ca.gov/CitizenAccess/Cap/CapDetail.aspx?Module=Permits&TabName=Permits&capID1=73HIS&capID2=00000&capID3=00243&agencyCode=OSHPD,37.5924072,-122.3850479
41 - San Mateo,San Mateo Medical Center,San Mateo,https://esp.oshpd.ca.gov/CitizenAccess/Cap/CapDetail.aspx?Module=Permits&TabName=Permits&capID1=96HIS&capID2=00000&capID3=00010&agencyCode=OSHPD,37.5309029,-122.300209
41 - San Mateo,Sequoia Hospital,Redwood City,https://esp.oshpd.ca.gov/CitizenAccess/Cap/CapDetail.aspx?Module=Permits&TabName=Permits&capID1=48HIS&capID2=00000&capID3=00002&agencyCode=OSHPD,37.4799843,-122.2544022
42 - Santa Barbara,Cottage Rehabilitation Hospital,Santa Barbara,https://esp.oshpd.ca.gov/CitizenAccess/Cap/CapDetail.aspx?Module=Permits&TabName=Permits&capID1=70HIS&capID2=00000&capID3=00016&agencyCode=OSHPD,34.4328232,-119.7227325
42 - Santa Barbara,Goleta Valley Cottage Hospital,Santa Barbara,https://esp.oshpd.ca.gov/CitizenAccess/Cap/CapDetail.aspx?Module=Permits&TabName=Permits&capID1=73HIS&capID2=00000&capID3=00244&agencyCode=OSHPD,34.4334373,-119.8103867
42 - Santa Barbara,Lompoc Valley Medical Center,Lompoc,https://esp.oshpd.ca.gov/CitizenAccess/Cap/CapDetail.aspx?Module=Permits&TabName=Permits&capID1=10HIS&capID2=00000&capID3=00394&agencyCode=OSHPD,34.6392824,-120.4395707
42 - Santa Barbara,Marian Regional Medical Center,Santa Maria,https://esp.oshpd.ca.gov/CitizenAccess/Cap/CapDetail.aspx?Module=Permits&TabName=Permits&capID1=64HIS&capID2=00000&capID3=00017&agencyCode=OSHPD,34.950985,-120.4132233
42 - Santa Barbara,Santa Barbara Cottage Hospital,Santa Barbara,https://esp.oshpd.ca.gov/CitizenAccess/Cap/CapDetail.aspx?Module=Permits&TabName=Permits&capID1=68HIS&capID2=00000&capID3=00022&agencyCode=OSHPD,34.4294089,-119.7232325
42 - Santa Barbara,Santa Ynez Valley Cottage Hospital,Solvang,https://esp.oshpd.ca.gov/CitizenAccess/Cap/CapDetail.aspx?Module=Permits&TabName=Permits&capID1=65HIS&capID2=00000&capID3=00011&agencyCode=OSHPD,34.6020927,-120.1258926
43 - Santa Clara,Children's Healthcare Organization of Northern California - Pediatric Hospital,Campbell,https://esp.oshpd.ca.gov/CitizenAccess/Cap/CapDetail.aspx?Module=Permits&TabName=Permits&capID1=92HIS&capID2=00000&capID3=00084&agencyCode=OSHPD,37.2597503,-121.9469628
43 - Santa Clara,El Camino Health,Mountain View,https://esp.oshpd.ca.gov/CitizenAccess/Cap/CapDetail.aspx?Module=Permits&TabName=Permits&capID1=94HIS&capID2=00000&capID3=00056&agencyCode=OSHPD,37.369339,-122.0803909
43 - Santa Clara,El Camino Hospital Los Gatos,Los Gatos,https://esp.oshpd.ca.gov/CitizenAccess/Cap/CapDetail.aspx?Module=Permits&TabName=Permits&capID1=61HIS&capID2=00000&capID3=00025&agencyCode=OSHPD,37.2628555,-121.9692535
43 - Santa Clara,El Camino Rehabilitation Hospital,Sunnyvale,https://esp.oshpd.ca.gov/CitizenAccess/Cap/CapDetail.aspx?Module=Permits&TabName=Permits&capID1=23CAP&capID2=00000&capID3=006AV&agencyCode=OSHPD,37.37274,-122.050344
43 - Santa Clara,Kaiser Foundation Hospital - San Jose,San Jose,https://esp.oshpd.ca.gov/CitizenAccess/Cap/CapDetail.aspx?Module=Permits&TabName=Permits&capID1=23CAP&capID2=00000&capID3=00742&agencyCode=OSHPD,37.238659,-121.802848
43 - Santa Clara,Kaiser Foundation Hospital-San Jose,San Jose,https://esp.oshpd.ca.gov/CitizenAccess/Cap/CapDetail.aspx?Module=Permits&TabName=Permits&capID1=73HIS&capID2=00000&capID3=00027&agencyCode=OSHPD,37.2393951,-121.8007431
43 - Santa Clara,Kaiser Foundation Hospital-Santa Clara,Santa Clara,https://esp.oshpd.ca.gov/CitizenAccess/Cap/CapDetail.aspx?Module=Permits&TabName=Permits&capID1=07HIS&capID2=00000&capID3=00028&agencyCode=OSHPD,37.337645,-121.9983995
43 - Santa Clara,Lucile Packard Children's Hospital Stanford,Palo Alto,https://esp.oshpd.ca.gov/CitizenAccess/Cap/CapDetail.aspx?Module=Permits&TabName=Permits&capID1=94HIS&capID2=00000&capID3=00007&agencyCode=OSHPD,37.4363861,-122.1750488
43 - Santa Clara,Mission Oaks Hospital,Los Gatos,https://esp.oshpd.ca.gov/CitizenAccess/Cap/CapDetail.aspx?Module=Permits&TabName=Permits&capID1=84HIS&capID2=00000&capID3=00031&agencyCode=OSHPD,37.2443581,-121.9482269
43 - Santa Clara,O'Connor Hospital,San Jose,https://esp.oshpd.ca.gov/CitizenAccess/Cap/CapDetail.aspx?Module=Permits&TabName=Permits&capID1=53HIS&capID2=00000&capID3=00013&agencyCode=OSHPD,37.328186,-121.938461
43 - Santa Clara,Regional Medical Center of San Jose,San Jose,https://esp.oshpd.ca.gov/CitizenAccess/Cap/CapDetail.aspx?Module=Permits&TabName=Permits&capID1=63HIS&capID2=00000&capID3=00026&agencyCode=OSHPD,37.3625717,-121.849762
43 - Santa Clara,Santa Clara Valley Medical Center,San Jose,https://esp.oshpd.ca.gov/CitizenAccess/Cap/CapDetail.aspx?Module=Permits&TabName=Permits&capID1=58HIS&capID2=00000&capID3=00040&agencyCode=OSHPD,37.313427,-121.9341888
43 - Santa Clara,St. Louise Regional Hospital,Gilroy,https://esp.oshpd.ca.gov/CitizenAccess/Cap/CapDetail.aspx?Module=Permits&TabName=Permits&capID1=89HIS&capID2=00000&capID3=00037&agencyCode=OSHPD,37.0357666,-121.5710907
43 - Santa Clara,Stanford Health Care,Palo Alto,https://esp.oshpd.ca.gov/CitizenAccess/Cap/CapDetail.aspx?Module=Permits&TabName=Permits&capID1=73HIS&capID2=00000&capID3=00138&agencyCode=OSHPD,37.434389,-122.177102
44 - Santa Cruz,Dominican Hospital,Santa Cruz,https://esp.oshpd.ca.gov/CitizenAccess/Cap/CapDetail.aspx?Module=Permits&TabName=Permits&capID1=66HIS&capID2=00000&capID3=00030&agencyCode=OSHPD,36.99017,-121.983528
44 - Santa Cruz,Sutter Maternity & Surgery Center of Santa Cruz,Santa Cruz,https://esp.oshpd.ca.gov/CitizenAccess/Cap/CapDetail.aspx?Module=Permits&TabName=Permits&capID1=01HIS&capID2=00000&capID3=00010&agencyCode=OSHPD,36.9876938,-121.977478
44 - Santa Cruz,Watsonville Community Hospital,Watsonville,https://esp.oshpd.ca.gov/CitizenAccess/Cap/CapDetail.aspx?Module=Permits&TabName=Permits&capID1=98HIS&capID2=00000&capID3=00000&agencyCode=OSHPD,36.9282299,-121.7935015
45 - Shasta,Mayers Memorial Hospital,Fall River Mills,https://esp.oshpd.ca.gov/CitizenAccess/Cap/CapDetail.aspx?Module=Permits&TabName=Permits&capID1=53HIS&capID2=00000&capID3=00015&agencyCode=OSHPD,41.024181,-121.4244316
45 - Shasta,Mercy Medical Center Redding,Redding,https://esp.oshpd.ca.gov/CitizenAccess/Cap/CapDetail.aspx?Module=Permits&TabName=Permits&capID1=51HIS&capID2=00000&capID3=00016&agencyCode=OSHPD,40.5718193,-122.3952179
45 - Shasta,Patients' Hospital of Redding,Redding,https://esp.oshpd.ca.gov/CitizenAccess/Cap/CapDetail.aspx?Module=Permits&TabName=Permits&capID1=91HIS&capID2=00000&capID3=00014&agencyCode=OSHPD,40.5859413,-122.4166794
45 - Shasta,Shasta Regional Medical Center,Redding,https://esp.oshpd.ca.gov/CitizenAccess/Cap/CapDetail.aspx?Module=Permits&TabName=Permits&capID1=57HIS&capID2=00000&capID3=00040&agencyCode=OSHPD,40.5856285,-122.3877411
45 - Shasta,Vibra Hospital Of Northern California,Redding,https://esp.oshpd.ca.gov/CitizenAccess/Cap/CapDetail.aspx?Module=Permits&TabName=Permits&capID1=92HIS&capID2=00000&capID3=00001&agencyCode=OSHPD,40.5857304,-122.4131233
47 - Siskiyou,Fairchild Medical Center,Yreka,https://esp.oshpd.ca.gov/CitizenAccess/Cap/CapDetail.aspx?Module=Permits&TabName=Permits&capID1=97HIS&capID2=00000&capID3=00001&agencyCode=OSHPD,41.7194939,-122.6458054
47 - Siskiyou,Mercy Medical Center Mt. Shasta,Mount Shasta,https://esp.oshpd.ca.gov/CitizenAccess/Cap/CapDetail.aspx?Module=Permits&TabName=Permits&capID1=77HIS&capID2=00000&capID3=00004&agencyCode=OSHPD,41.3189538,-122.3231439
48 - Solano,Kaiser Foundation Hospital & Rehab Center - Vallejo,Vallejo,https://esp.oshpd.ca.gov/CitizenAccess/Cap/CapDetail.aspx?Module=Permits&TabName=Permits&capID1=95HIS&capID2=00000&capID3=00002&agencyCode=OSHPD,38.1283642,-122.2476558
48 - Solano,Kaiser Foundation Hospital - Vacaville,Vacaville,https://esp.oshpd.ca.gov/CitizenAccess/Cap/CapDetail.aspx?Module=Permits&TabName=Permits&capID1=09HIS&capID2=00000&capID3=00252&agencyCode=OSHPD,38.388462,-121.938097
48 - Solano,Northbay Medical Center,Fairfield,https://esp.oshpd.ca.gov/CitizenAccess/Cap/CapDetail.aspx?Module=Permits&TabName=Permits&capID1=95HIS&capID2=00000&capID3=00036&agencyCode=OSHPD,38.2617416,-122.0466232
48 - Solano,NorthBay VacaValley Hospital,Vacaville,https://esp.oshpd.ca.gov/CitizenAccess/Cap/CapDetail.aspx?Module=Permits&TabName=Permits&capID1=90HIS&capID2=00000&capID3=00006&agencyCode=OSHPD,38.355854,-121.9519653
48 - Solano,Sutter Solano Medical Center,Vallejo,https://esp.oshpd.ca.gov/CitizenAccess/Cap/CapDetail.aspx?Module=Permits&TabName=Permits&capID1=66HIS&capID2=00000&capID3=00015&agencyCode=OSHPD,38.1311836,-122.2373276
49 - Sonoma,Healdsburg Hospital,Healdsburg,https://esp.oshpd.ca.gov/CitizenAccess/Cap/CapDetail.aspx?Module=Permits&TabName=Permits&capID1=72HIS&capID2=00000&capID3=00030&agencyCode=OSHPD,38.6274938,-122.8638015
49 - Sonoma,Kaiser Foundation Hospital - Santa Rosa,Santa Rosa,https://esp.oshpd.ca.gov/CitizenAccess/Cap/CapDetail.aspx?Module=Permits&TabName=Permits&capID1=89HIS&capID2=00000&capID3=00004&agencyCode=OSHPD,38.4714851,-122.7264175
49 - Sonoma,Petaluma Valley Hospital,Petaluma,https://esp.oshpd.ca.gov/CitizenAccess/Cap/CapDetail.aspx?Module=Permits&TabName=Permits&capID1=77HIS&capID2=00000&capID3=00008&agencyCode=OSHPD,38.2545395,-122.6317825
49 - Sonoma,Providence Santa Rosa Memorial Hospital,Santa Rosa,https://esp.oshpd.ca.gov/CitizenAccess/Cap/CapDetail.aspx?Module=Permits&TabName=Permits&capID1=61HIS&capID2=00000&capID3=00018&agencyCode=OSHPD,38.4417572,-122.7023926
49 - Sonoma,Sonoma Specialty Hospital,Sebastopol,https://esp.oshpd.ca.gov/CitizenAccess/Cap/CapDetail.aspx?Module=Permits&TabName=Permits&capID1=76HIS&capID2=00000&capID3=00032&agencyCode=OSHPD,38.3971062,-122.8192596
49 - Sonoma,Sonoma Valley Hospital,Sonoma,https://esp.oshpd.ca.gov/CitizenAccess/Cap/CapDetail.aspx?Module=Permits&TabName=Permits&capID1=70HIS&capID2=00000&capID3=00021&agencyCode=OSHPD,38.2884371,-122.465246
49 - Sonoma,Sutter Santa Rosa Regional Hospital,Santa Rosa,https://esp.oshpd.ca.gov/CitizenAccess/Cap/CapDetail.aspx?Module=Permits&TabName=Permits&capID1=11CAP&capID2=00000&capID3=001G1&agencyCode=OSHPD,38.4950943,-122.751915
50 - Stanislaus,Central Valley Specialty Hospital,Modesto,https://esp.oshpd.ca.gov/CitizenAccess/Cap/CapDetail.aspx?Module=Permits&TabName=Permits&capID1=03HIS&capID2=00000&capID3=00030&agencyCode=OSHPD,37.643425,-120.9906082
50 - Stanislaus,Doctors Medical Center,Modesto,https://esp.oshpd.ca.gov/CitizenAccess/Cap/CapDetail.aspx?Module=Permits&TabName=Permits&capID1=62HIS&capID2=00000&capID3=00014&agencyCode=OSHPD,37.6653976,-120.9973984
50 - Stanislaus,Emanuel Medical Center,Turlock,https://esp.oshpd.ca.gov/CitizenAccess/Cap/CapDetail.aspx?Module=Permits&TabName=Permits&capID1=66HIS&capID2=00000&capID3=00023&agencyCode=OSHPD,37.5116386,-120.8379974
50 - Stanislaus,Encompass Health Rehabilitation Hospital Of Modesto,Modesto,https://esp.oshpd.ca.gov/CitizenAccess/Cap/CapDetail.aspx?Module=Permits&TabName=Permits&capID1=13CAP&capID2=00000&capID3=007KJ&agencyCode=OSHPD,37.6970596,-120.9754639
50 - Stanislaus,Kaiser Foundation Hospital Modesto,Modesto,https://esp.oshpd.ca.gov/CitizenAccess/Cap/CapDetail.aspx?Module=Permits&TabName=Permits&capID1=07HIS&capID2=00000&capID3=00036&agencyCode=OSHPD,37.7055991,-121.0501467
50 - Stanislaus,Memorial Medical Center,Modesto,https://esp.oshpd.ca.gov/CitizenAccess/Cap/CapDetail.aspx?Module=Permits&TabName=Permits&capID1=97HIS&capID2=00000&capID3=00019&agencyCode=OSHPD,37.6686707,-120.9733582
50 - Stanislaus,Oak Valley Hospital District,Oakdale,https://esp.oshpd.ca.gov/CitizenAccess/Cap/CapDetail.aspx?Module=Permits&TabName=Permits&capID1=73HIS&capID2=00000&capID3=00002&agencyCode=OSHPD,37.757076,-120.861115
50 - Stanislaus,Stanislaus Surgical Hospital,Modesto,https://esp.oshpd.ca.gov/CitizenAccess/Cap/CapDetail.aspx?Module=Permits&TabName=Permits&capID1=00HIS&capID2=00000&capID3=00077&agencyCode=OSHPD,37.6647263,-120.9583817
51 - Sutter,Sutter Surgical Hospital - North Valley,Yuba City,https://esp.oshpd.ca.gov/CitizenAccess/Cap/CapDetail.aspx?Module=Permits&TabName=Permits&capID1=09HIS&capID2=00000&capID3=00257&agencyCode=OSHPD,39.1316032,-121.6129532
52 - Tehama,St. Elizabeth Community Hospital,Red Bluff,https://esp.oshpd.ca.gov/CitizenAccess/Cap/CapDetail.aspx?Module=Permits&TabName=Permits&capID1=77HIS&capID2=00000&capID3=00031&agencyCode=OSHPD,40.1481247,-122.2193375
53 - Trinity,Trinity Hospital,Weaverville,https://esp.oshpd.ca.gov/CitizenAccess/Cap/CapDetail.aspx?Module=Permits&TabName=Permits&capID1=49HIS&capID2=00000&capID3=00019&agencyCode=OSHPD,40.7377479,-122.9399025
54 - Tulare,Adventist Health Tulare,Tulare,https://esp.oshpd.ca.gov/CitizenAccess/Cap/CapDetail.aspx?Module=Permits&TabName=Permits&capID1=50HIS&capID2=00000&capID3=00003&agencyCode=OSHPD,36.221307,-119.338575
54 - Tulare,Kaweah Health Medical Center,Visalia,https://esp.oshpd.ca.gov/CitizenAccess/Cap/CapDetail.aspx?Module=Permits&TabName=Permits&capID1=67HIS&capID2=00000&capID3=00017&agencyCode=OSHPD,36.3273963,-119.2960753
54 - Tulare,Kaweah Health Medical Center D/P SNF,Visalia,https://esp.oshpd.ca.gov/CitizenAccess/Cap/CapDetail.aspx?Module=Permits&TabName=Permits&capID1=95HIS&capID2=00000&capID3=00101&agencyCode=OSHPD,36.3238665,-119.3495277
54 - Tulare,Sierra View Medical Center,Porterville,https://esp.oshpd.ca.gov/CitizenAccess/Cap/CapDetail.aspx?Module=Permits&TabName=Permits&capID1=57HIS&capID2=00000&capID3=00005&agencyCode=OSHPD,36.0695153,-119.0271007
55 - Tuolumne,Adventist Health Sonora,Sonora,https://esp.oshpd.ca.gov/CitizenAccess/Cap/CapDetail.aspx?Module=Permits&TabName=Permits&capID1=57HIS&capID2=00000&capID3=00062&agencyCode=OSHPD,37.979607,-120.390839
56 - Ventura,Adventist Health Simi Valley,Simi Valley,https://esp.oshpd.ca.gov/CitizenAccess/Cap/CapDetail.aspx?Module=Permits&TabName=Permits&capID1=64HIS&capID2=00000&capID3=00021&agencyCode=OSHPD,34.289192,-118.744827
56 - Ventura,Community Memorial Hospital - Ojai,Ojai,https://esp.oshpd.ca.gov/CitizenAccess/Cap/CapDetail.aspx?Module=Permits&TabName=Permits&capID1=60HIS&capID2=00000&capID3=00008&agencyCode=OSHPD,34.4428787,-119.2644653
56 - Ventura,Community Memorial Hospital - San Buenaventura,Ventura,https://esp.oshpd.ca.gov/CitizenAccess/Cap/CapDetail.aspx?Module=Permits&TabName=Permits&capID1=73HIS&capID2=00000&capID3=00206&agencyCode=OSHPD,34.2745857,-119.25811
56 - Ventura,Harvest Medical Complex,Santa Paula,https://esp.oshpd.ca.gov/CitizenAccess/Cap/CapDetail.aspx?Module=Permits&TabName=Permits&capID1=22CAP&capID2=00000&capID3=005XP&agencyCode=OSHPD,34.360168,-119.038415
56 - Ventura,Los Robles Hospital & Medical Center,Thousand Oaks,https://esp.oshpd.ca.gov/CitizenAccess/Cap/CapDetail.aspx?Module=Permits&TabName=Permits&capID1=64HIS&capID2=00000&capID3=00010&agencyCode=OSHPD,34.207592,-118.8824005
56 - Ventura,Los Robles Hospital & Medical Center - East Campus,Westlake Village,https://esp.oshpd.ca.gov/CitizenAccess/Cap/CapDetail.aspx?Module=Permits&TabName=Permits&capID1=90HIS&capID2=00000&capID3=00063&agencyCode=OSHPD,34.1550293,-118.8155975
56 - Ventura,St Johns Regional Medical Center,Oxnard,https://esp.oshpd.ca.gov/CitizenAccess/Cap/CapDetail.aspx?Module=Permits&TabName=Permits&capID1=95HIS&capID2=00000&capID3=00021&agencyCode=OSHPD,34.2167816,-119.1563034
56 - Ventura,St. John's Hospital Camarillo,Camarillo,https://esp.oshpd.ca.gov/CitizenAccess/Cap/CapDetail.aspx?Module=Permits&TabName=Permits&capID1=72HIS&capID2=00000&capID3=00016&agencyCode=OSHPD,34.2435837,-119.0198364
56 - Ventura,"Thousand Oaks Surgical Hosp., A Campus Of Los Robles Hosp. & Medical Ctr.",Thousand Oaks,https://esp.oshpd.ca.gov/CitizenAccess/Cap/CapDetail.aspx?Module=Permits&TabName=Permits&capID1=04HIS&capID2=00000&capID3=00045&agencyCode=OSHPD,34.1750336,-118.8690338
56 - Ventura,Ventura County Medical Center,Ventura,https://esp.oshpd.ca.gov/CitizenAccess/Cap/CapDetail.aspx?Module=Permits&TabName=Permits&capID1=51HIS&capID2=00000&capID3=00008&agencyCode=OSHPD,34.277264,-119.252989
56 - Ventura,Ventura County Medical Center - Santa Paula Hospital,Santa Paula,https://esp.oshpd.ca.gov/CitizenAccess/Cap/CapDetail.aspx?Module=Permits&TabName=Permits&capID1=61HIS&capID2=00000&capID3=00013&agencyCode=OSHPD,34.3657997,-119.0654106
57 - Yolo,Sutter Davis Hospital,Davis,https://esp.oshpd.ca.gov/CitizenAccess/Cap/CapDetail.aspx?Module=Permits&TabName=Permits&capID1=96HIS&capID2=00000&capID3=00018&agencyCode=OSHPD,38.5628242,-121.7713013
57 - Yolo,Woodland Memorial Hospital,Woodland,https://esp.oshpd.ca.gov/CitizenAccess/Cap/CapDetail.aspx?Module=Permits&TabName=Permits&capID1=65HIS&capID2=00000&capID3=00018&agencyCode=OSHPD,38.6640396,-121.7921524
58 - Yuba,Adventist Health And Rideout,Marysville,https://esp.oshpd.ca.gov/CitizenAccess/Cap/CapDetail.aspx?Module=Permits&TabName=Permits&capID1=96HIS&capID2=00000&capID3=00020&agencyCode=OSHPD,39.1382217,-121.5943604
